id,name_en,name_ru,iba_category,ingredients_json,ingredients_raw,instructions_en,instructions_ru,garnish,glass,abv_estimate,preparation_time_minutes,taste_tags,taste_description_ru,image_url,source
bellini,Bellini,,Contemporary Classics,"[{""name"": ""Prosecco"", ""amount"": ""100"", ""unit"": ""ml"", ""note"": """", ""direction"": ""100 ml Prosecco"", ""raw"": ""100 ml Prosecco""}, {""name"": ""White Peach Puree"", ""amount"": ""50"", ""unit"": ""ml"", ""note"": """", ""direction"": ""50 ml White Peach Puree"", ""raw"": ""50 ml White Peach Puree""}]","100 ml Prosecco,50 ml White Peach Puree","Pour peach puree into the mixing glass with ice, add the Prosecco wine. Stir gently and pour in a chilled flute glass. Note: PUCCINI - Fresh Mandarin Orange Juice; ROSSINI - Fresh Strawberry Puree; TINTORETTO - Fresh Pomegranate Juice.",,,,,,[],,,IBA
black-russian,Black Russian,,Contemporary Classics,"[{""name"": ""Vodka"", ""amount"": ""50"", ""unit"": ""ml"", ""note"": """", ""direction"": ""50 ml Vodka"", ""raw"": ""50 ml Vodka""}, {""name"": ""Coffee Liqueur"", ""amount"": ""20"", ""unit"": ""ml"", ""note"": """", ""direction"": ""20 ml Coffee Liqueur"", ""raw"": ""20 ml Coffee Liqueur""}]","50 ml Vodka,20 ml Coffee Liqueur",Pour the ingredients into the old fashioned glass filled with ice cubes. Stir gently. Note: WHITE RUSSIAN - Float fresh cream on the top and stir in slowly.,,,,,,[],,,IBA
bloody-mary,Bloody Mary,,Contemporary Classics,"[{""name"": ""Vodka"", ""amount"": ""45"", ""unit"": ""ml"", ""note"": """", ""direction"": ""45 ml Vodka"", ""raw"": ""45 ml Vodka""}, {""name"": ""Tomato Juice"", ""amount"": ""90"", ""unit"": ""ml"", ""note"": """", ""direction"": ""90 ml Tomato Juice"", ""raw"": ""90 ml Tomato Juice""}, {""name"": ""Fresh Lemon Juice"", ""amount"": ""15"", ""unit"": ""ml"", ""note"": """", ""direction"": ""15 ml Fresh Lemon Juice"", ""raw"": ""15 ml Fresh Lemon Juice""}, {""name"": ""Worcestershire Sauce"", ""amount"": ""2"", ""unit"": ""dash"", ""note"": """", ""direction"": ""2 dashes Worcestershire Sauce"", ""raw"": ""2 dash Worcestershire Sauce""}, {""name"": ""Tabasco"", ""amount"": ""1"", ""unit"": ""dash"", ""note"": """", ""direction"": ""Tabasco"", ""raw"": ""1 dash Tabasco""}, {""name"": ""Celery Salt"", ""amount"": ""1"", ""unit"": ""dash"", ""note"": """", ""direction"": ""Celery Salt"", ""raw"": ""1 dash Celery Salt""}, {""name"": ""Pepper"", ""amount"": ""1"", ""unit"": ""dash"", ""note"": ""Up to taste"", ""direction"": ""Pepper (Up to taste)"", ""raw"": ""1 dash Pepper Up to taste""}]","45 ml Vodka,90 ml Tomato Juice,15 ml Fresh Lemon Juice,2 dashes Worcestershire Sauce,Tabasco,Celery Salt,Pepper (Up to taste)","Stir gently all the ingredients in a mixing glass with ice, pour into rocks glass. Note: If requested served with ice, pour into highball glass.",,"Celery, Lemon Wedge (Optional)",,,,[],,,IBA
caipirinha,Caipirinha,,Contemporary Classics,"[{""name"": ""Cachaça"", ""amount"": ""60"", ""unit"": ""ml"", ""note"": """", ""direction"": ""60 ml Cachaça"", ""raw"": ""60 ml Cachaça""}, {""name"": ""Lime cut into small wedges"", ""amount"": ""1"", ""unit"": ""piece"", ""note"": """", ""direction"": ""1 Lime cut into small wedges"", ""raw"": ""1 piece Lime cut into small wedges""}, {""name"": ""White Cane Sugar"", ""amount"": ""4"", ""unit"": ""teaspoon"", ""note"": """", ""direction"": ""4 Teaspoons White Cane Sugar"", ""raw"": ""4 teaspoon White Cane Sugar""}]","60 ml Cachaça,1 Lime cut into small wedges,4 Teaspoons White Cane Sugar",Place lime and sugar into a double old fashioned glass and muddle gently. Fill the glass with cracked ice and add Cachaça. Stir gently to involve ingredients. Note: CAIPIROSKA - Instead of Cachaça use Vodka;,,,,,,[],,,IBA
champagne-cocktail,Champagne Cocktail,,Contemporary Classics,"[{""name"": ""Chilled Champagne"", ""amount"": ""90"", ""unit"": ""ml"", ""note"": """", ""direction"": ""90 ml Chilled Champagne"", ""raw"": ""90 ml Chilled Champagne""}, {""name"": ""Cognac"", ""amount"": ""10"", ""unit"": ""ml"", ""note"": """", ""direction"": ""10 ml Cognac"", ""raw"": ""10 ml Cognac""}, {""name"": ""Angostura bitters"", ""amount"": ""2"", ""unit"": ""dash"", ""note"": """", ""direction"": ""2 dashes Angostura bitters"", ""raw"": ""2 dash Angostura bitters""}, {""name"": ""Grand Marnier"", ""amount"": ""few"", ""unit"": ""drops"", ""note"": ""optional"", ""direction"": ""Few drops of Grand Marnier (optional)"", ""raw"": ""few drops Grand Marnier optional""}, {""name"": ""Sugar Cube"", ""amount"": ""1"", ""unit"": ""piece"", ""note"": """", ""direction"": ""1 sugar cube"", ""raw"": ""1 piece Sugar Cube""}]","90 ml Chilled Champagne,10 ml Cognac,2 dashes Angostura bitters,Few drops of Grand Marnier (optional),1 sugar cube","Place the sugar cube with 2 dashes of bitters in a large Champagne glass, add the cognac. Pour gently chilled Champagne.",,Garnish with orange zest and maraschino cherry.,,,,[],,,IBA
corpse-reviver-2,Corpse Reviver #2,,Contemporary Classics,"[{""name"": ""Gin"", ""amount"": ""30"", ""unit"": ""ml"", ""note"": """", ""direction"": ""30 ml Gin"", ""raw"": ""30 ml Gin""}, {""name"": ""Cointreau"", ""amount"": ""30"", ""unit"": ""ml"", ""note"": """", ""direction"": ""30 ml Cointreau"", ""raw"": ""30 ml Cointreau""}, {""name"": ""Lillet Blanc"", ""amount"": ""30"", ""unit"": ""ml"", ""note"": """", ""direction"": ""30 ml Lillet Blanc"", ""raw"": ""30 ml Lillet Blanc""}, {""name"": ""Fresh Lemon Juice"", ""amount"": ""30"", ""unit"": ""ml"", ""note"": """", ""direction"": ""30 ml Fresh Lemon Juice"", ""raw"": ""30 ml Fresh Lemon Juice""}, {""name"": ""Absinthe"", ""amount"": ""1"", ""unit"": ""dash"", ""note"": """", ""direction"": ""1 dash Absinthe"", ""raw"": ""1 dash Absinthe""}]","30 ml Gin,30 ml Cointreau,30 ml Lillet Blanc,30 ml Fresh Lemon Juice,1 dash Absinthe",Pour all ingredients into shaker with ice. Shake well and strain in chilled cocktail glass.,,Garnish with orange zest,,,,[],,,IBA
cosmopolitan,Cosmopolitan,,Contemporary Classics,"[{""name"": ""Vodka Citron"", ""amount"": ""40"", ""unit"": ""ml"", ""note"": """", ""direction"": ""40 ml Vodka Citron"", ""raw"": ""40 ml Vodka Citron""}, {""name"": ""Cointreau"", ""amount"": ""15"", ""unit"": ""ml"", ""note"": """", ""direction"": ""15 ml Cointreau"", ""raw"": ""15 ml Cointreau""}, {""name"": ""Fresh Lime Juice"", ""amount"": ""15"", ""unit"": ""ml"", ""note"": """", ""direction"": ""15 ml Fresh Lime Juice"", ""raw"": ""15 ml Fresh Lime Juice""}, {""name"": ""Cranberry Juice"", ""amount"": ""30"", ""unit"": ""ml"", ""note"": """", ""direction"": ""30 ml Cranberry Juice"", ""raw"": ""30 ml Cranberry Juice""}]","40 ml Vodka Citron,15 ml Cointreau,15 ml Fresh Lime Juice,30 ml Cranberry Juice",Add all ingredients into a cocktail shaker filled with ice. Shake well and strain into a large cocktail glass.,,Garnish with a lemon twist.,,,,[],,,IBA
cuba-libre,Cuba Libre,,Contemporary Classics,"[{""name"": ""White Rum"", ""amount"": ""50"", ""unit"": ""ml"", ""note"": """", ""direction"": ""50 ml White Rum"", ""raw"": ""50 ml White Rum""}, {""name"": ""Coca Cola"", ""amount"": ""120"", ""unit"": ""ml"", ""note"": """", ""direction"": ""120 ml Coca Cola"", ""raw"": ""120 ml Coca Cola""}, {""name"": ""Fresh Lime Juice"", ""amount"": ""10"", ""unit"": ""ml"", ""note"": """", ""direction"": ""10 ml Fresh Lime Juice"", ""raw"": ""10 ml Fresh Lime Juice""}]","50 ml White Rum,120 ml Coca Cola,10 ml Fresh Lime Juice",Build all ingredients in a highball glass filled with ice.,,Garnish with lime wedge.,,,,[],,,IBA
french-75,French 75,,Contemporary Classics,"[{""name"": ""Gin"", ""amount"": ""30"", ""unit"": ""ml"", ""note"": """", ""direction"": ""30 ml Gin"", ""raw"": ""30 ml Gin""}, {""name"": ""Fresh Lemon Juice"", ""amount"": ""15"", ""unit"": ""ml"", ""note"": """", ""direction"": ""15 ml Fresh Lemon Juice"", ""raw"": ""15 ml Fresh Lemon Juice""}, {""name"": ""Sugar Syrup"", ""amount"": ""15"", ""unit"": ""ml"", ""note"": """", ""direction"": ""15 ml Sugar Syrup"", ""raw"": ""15 ml Sugar Syrup""}, {""name"": ""Champagne"", ""amount"": ""60"", ""unit"": ""ml"", ""note"": """", ""direction"": ""60 ml Champagne"", ""raw"": ""60 ml Champagne""}]","30 ml Gin,15 ml Fresh Lemon Juice,15 ml Sugar Syrup,60 ml Champagne","Pour all the ingredients, except Champagne, into a shaker. Shake well and strain into a Champagne flute. Top up with Champagne. Stir gently.",,,,,,[],,,IBA
french-connection,French Connection,,Contemporary Classics,"[{""name"": ""Cognac"", ""amount"": ""35"", ""unit"": ""ml"", ""note"": """", ""direction"": ""35 ml Cognac"", ""raw"": ""35 ml Cognac""}, {""name"": ""Amaretto"", ""amount"": ""35"", ""unit"": ""ml"", ""note"": """", ""direction"": ""35 ml Amaretto"", ""raw"": ""35 ml Amaretto""}]","35 ml Cognac,35 ml Amaretto",Pour all ingredients directly into an old fashioned glass filled with ice cubes. Stir gently.,,,,,,[],,,IBA
golden-dream,Golden Dream,,Contemporary Classics,"[{""name"": ""Galliano"", ""amount"": ""20"", ""unit"": ""ml"", ""note"": """", ""direction"": ""20 ml Galliano"", ""raw"": ""20 ml Galliano""}, {""name"": ""Triple Sec"", ""amount"": ""20"", ""unit"": ""ml"", ""note"": """", ""direction"": ""20 ml Triple Sec"", ""raw"": ""20 ml Triple Sec""}, {""name"": ""Fresh Orange Juice"", ""amount"": ""20"", ""unit"": ""ml"", ""note"": """", ""direction"": ""20 ml Fresh Orange Juice"", ""raw"": ""20 ml Fresh Orange Juice""}, {""name"": ""Fresh Cream"", ""amount"": ""10"", ""unit"": ""ml"", ""note"": """", ""direction"": ""10 ml Fresh Cream"", ""raw"": ""10 ml Fresh Cream""}]","20 ml Galliano,20 ml Triple Sec,20 ml Fresh Orange Juice,10 ml Fresh Cream",Pour all ingredients into shaker filled with ice. Shake briskly for few seconds. Strain into chilled cocktail glass.,,,,,,[],,,IBA
grasshopper,Grasshopper,,Contemporary Classics,"[{""name"": ""Crème de Cacao"", ""amount"": ""20"", ""unit"": ""ml"", ""note"": ""White"", ""direction"": ""20 ml Crème de Cacao (White)"", ""raw"": ""20 ml Crème de Cacao White""}, {""name"": ""Crème de Menthe"", ""amount"": ""20"", ""unit"": ""ml"", ""note"": ""Green"", ""direction"": ""20 ml Crème de Menthe (Green)"", ""raw"": ""20 ml Crème de Menthe Green""}, {""name"": ""Fresh Cream"", ""amount"": ""20"", ""unit"": ""ml"", ""note"": """", ""direction"": ""20 ml Fresh Cream"", ""raw"": ""20 ml Fresh Cream""}]","20 ml Crème de Cacao (White),20 ml Crème de Menthe (Green),20 ml Fresh Cream",Pour all ingredients into shaker filled with ice. Shake briskly for few seconds. Strain into chilled cocktail glass.,,"N/A, optional mint leaf",,,,[],,,IBA
hemingway-special,Hemingway Special,,Contemporary Classics,"[{""name"": ""Rum"", ""amount"": ""60"", ""unit"": ""ml"", ""note"": """", ""direction"": ""60 ml Rum"", ""raw"": ""60 ml Rum""}, {""name"": ""Grapefruit Juice"", ""amount"": ""40"", ""unit"": ""ml"", ""note"": """", ""direction"": ""40 ml Grapefruit Juice"", ""raw"": ""40 ml Grapefruit Juice""}, {""name"": ""Maraschino Luxardo"", ""amount"": ""15"", ""unit"": ""ml"", ""note"": """", ""direction"": ""15 ml Maraschino Luxardo"", ""raw"": ""15 ml Maraschino Luxardo""}, {""name"": ""Fresh Lime"", ""amount"": ""15"", ""unit"": ""ml"", ""note"": """", ""direction"": ""15 ml Fresh Lime"", ""raw"": ""15 ml Fresh Lime""}]","60 ml Rum,40 ml Grapefruit Juice,15 ml Maraschino Luxardo,15 ml Fresh Lime",Pour all ingredients into a shaker with ice. Shake well and strain into a large cocktail glass.,,,,,,[],,,IBA
horses-neck,Horse's Neck,,Contemporary Classics,"[{""name"": ""Cognac"", ""amount"": ""40"", ""unit"": ""ml"", ""note"": """", ""direction"": ""40 ml Cognac"", ""raw"": ""40 ml Cognac""}, {""name"": ""Ginger Ale"", ""amount"": ""120"", ""unit"": ""ml"", ""note"": """", ""direction"": ""120 ml Ginger Ale"", ""raw"": ""120 ml Ginger Ale""}, {""name"": ""Angostura Bitters"", ""amount"": ""1"", ""unit"": ""dash"", ""note"": ""optional"", ""direction"": ""Dash of Angostura Bitters (optional)"", ""raw"": ""1 dash Angostura Bitters optional""}]","40 ml Cognac,120 ml Ginger Ale,Dash of Angostura Bitters (optional)","Pour Cognac and ginger ale directly into a highball glass with ice cubes. Stir gently. If preferred, add dashes of Angostura Bitter.",,Garnish with a rind of one lemon spiral.,,,,[],,,IBA
irish-coffee,Irish Coffee,,Contemporary Classics,"[{""name"": ""Irish Whiskey"", ""amount"": ""50"", ""unit"": ""ml"", ""note"": """", ""direction"": ""50 ml Irish Whiskey"", ""raw"": ""50 ml Irish Whiskey""}, {""name"": ""Hot coffee"", ""amount"": ""120"", ""unit"": ""ml"", ""note"": """", ""direction"": ""120 ml Hot coffee"", ""raw"": ""120 ml Hot coffee""}, {""name"": ""Fresh cream"", ""amount"": ""50"", ""unit"": ""ml"", ""note"": ""Chilled"", ""direction"": ""50 ml Fresh cream (Chilled)"", ""raw"": ""50 ml Fresh cream Chilled""}, {""name"": ""Sugar"", ""amount"": ""1"", ""unit"": ""teaspoon"", ""note"": """", ""direction"": ""1 teaspoon Sugar"", ""raw"": ""1 teaspoon Sugar""}]","50 ml Irish Whiskey,120 ml Hot coffee,50 ml Fresh cream (Chilled),1 teaspoon Sugar",Warm black coffee is poured into a pre-heated Irish coffee glass. Whiskey and at least one teaspoon of sugar is added and stirred until dissolved. Fresh thick chilled cream is carefully poured over the back of a spoon held just above the surface of the coffee. The layer of cream will float on the coffee without mixing. Plain sugar can be replaced with sugar syrup,,,,,,[],,,IBA
kir,KIR,,Contemporary Classics,"[{""name"": ""Dry White Wine"", ""amount"": ""90"", ""unit"": ""ml"", ""note"": """", ""direction"": ""90 ml Dry White Wine"", ""raw"": ""90 ml Dry White Wine""}, {""name"": ""Crème de Cassis"", ""amount"": ""10"", ""unit"": ""ml"", ""note"": """", ""direction"": ""10 ml Crème de Cassis"", ""raw"": ""10 ml Crème de Cassis""}]","90 ml Dry White Wine,10 ml Crème de Cassis","Pour Crème de Cassis into glass, top up with white wine. Note: KIR ROYAL - Use Champagne instead of white wine",,,,,,[],,,IBA
long-island-ice-tea,Long Island Ice Tea,,Contemporary Classics,"[{""name"": ""Vodka"", ""amount"": ""15"", ""unit"": ""ml"", ""note"": """", ""direction"": ""15 ml Vodka"", ""raw"": ""15 ml Vodka""}, {""name"": ""Tequila"", ""amount"": ""15"", ""unit"": ""ml"", ""note"": """", ""direction"": ""15 ml Tequila"", ""raw"": ""15 ml Tequila""}, {""name"": ""White rum"", ""amount"": ""15"", ""unit"": ""ml"", ""note"": """", ""direction"": ""15 ml White rum"", ""raw"": ""15 ml White rum""}, {""name"": ""Gin"", ""amount"": ""15"", ""unit"": ""ml"", ""note"": """", ""direction"": ""15 ml Gin"", ""raw"": ""15 ml Gin""}, {""name"": ""Cointreau"", ""amount"": ""15"", ""unit"": ""ml"", ""note"": """", ""direction"": ""15 ml Cointreau"", ""raw"": ""15 ml Cointreau""}, {""name"": ""Lemon juice"", ""amount"": ""30"", ""unit"": ""ml"", ""note"": """", ""direction"": ""30 ml Lemon juice"", ""raw"": ""30 ml Lemon juice""}, {""name"": ""Simple syrup"", ""amount"": ""20"", ""unit"": ""ml"", ""note"": """", ""direction"": ""20 ml Simple syrup"", ""raw"": ""20 ml Simple syrup""}, {""name"": ""Cola"", ""amount"": ""1"", ""unit"": ""top up"", ""note"": """", ""direction"": ""Top with Cola"", ""raw"": ""1 top up Cola""}]","15 ml Vodka,15 ml Tequila,15 ml White rum,15 ml Gin,15 ml Cointreau,30 ml Lemon juice,20 ml Simple syrup,Top with Cola",Add all ingredients into a highball glass filled with ice. Stir gently.,,Lemon Slice (Optional),,,,[],,,IBA
mai-tai,Mai-Tai,,Contemporary Classics,"[{""name"": ""Amber Jamaican Rum"", ""amount"": ""30"", ""unit"": ""ml"", ""note"": """", ""direction"": ""30 ml Amber Jamaican Rum"", ""raw"": ""30 ml Amber Jamaican Rum""}, {""name"": ""Martinique Molasses Rhum"", ""amount"": ""30"", ""unit"": ""ml"", ""note"": """", ""direction"": ""30 ml Martinique Molasses Rhum"", ""raw"": ""30 ml Martinique Molasses Rhum""}, {""name"": ""Orange Curacao"", ""amount"": ""15"", ""unit"": ""ml"", ""note"": """", ""direction"": ""15 ml Orange Curacao"", ""raw"": ""15 ml Orange Curacao""}, {""name"": ""Orgeat Syrup"", ""amount"": ""15"", ""unit"": ""ml"", ""note"": ""Almond"", ""direction"": ""15 ml Orgeat Syrup (Almond)"", ""raw"": ""15 ml Orgeat Syrup Almond""}, {""name"": ""Fresh Lime Juice"", ""amount"": ""30"", ""unit"": ""ml"", ""note"": """", ""direction"": ""30 ml Fresh Lime Juice"", ""raw"": ""30 ml Fresh Lime Juice""}, {""name"": ""Simple Syrup"", ""amount"": ""7.5"", ""unit"": ""ml"", ""note"": """", ""direction"": ""7.5 ml Simple Syrup"", ""raw"": ""7.5 ml Simple Syrup""}]","30 ml Amber Jamaican Rum,30 ml Martinique Molasses Rhum,15 ml Orange Curacao,15 ml Orgeat Syrup (Almond),30 ml Fresh Lime Juice,7.5 ml Simple Syrup",Add all ingredients into a shaker with ice. Shake and pour into a double rocks glass or a highball glass. The Martinique molasses rum used by Trader Vic was not an Agricole rum but a type of “rummy” from molasses.,,"Garnish with pineapple spear, mint leaves, and lime peel.",,,,[],,,IBA
margarita,Margarita,,Contemporary Classics,"[{""name"": ""Tequila 100% Agave"", ""amount"": ""50"", ""unit"": ""ml"", ""note"": """", ""direction"": ""50 ml Tequila 100% Agave"", ""raw"": ""50 ml Tequila 100% Agave""}, {""name"": ""Triple Sec"", ""amount"": ""20"", ""unit"": ""ml"", ""note"": """", ""direction"": ""20 ml Triple Sec"", ""raw"": ""20 ml Triple Sec""}, {""name"": ""Freshly Squeezed Lime Juice"", ""amount"": ""15"", ""unit"": ""ml"", ""note"": """", ""direction"": ""15 ml Freshly Squeezed Lime Juice"", ""raw"": ""15 ml Freshly Squeezed Lime Juice""}]","50 ml Tequila 100% Agave,20 ml Triple Sec,15 ml Freshly Squeezed Lime Juice",Add all ingredients into a shaker with ice. Shake and strain into a chilled cocktail glass,,Half salt rim (Optional),,,,[],,,IBA
mimosa,Mimosa,,Contemporary Classics,"[{""name"": ""Fresh orange juice"", ""amount"": ""75"", ""unit"": ""ml"", ""note"": """", ""direction"": ""75 ml Fresh orange juice"", ""raw"": ""75 ml Fresh orange juice""}, {""name"": ""Prosecco"", ""amount"": ""75"", ""unit"": ""ml"", ""note"": """", ""direction"": ""75 ml Prosecco"", ""raw"": ""75 ml Prosecco""}]","75 ml Fresh orange juice,75 ml Prosecco",Pour orange juice into a flute glass and gently pour the sparkling wine. Stir gently. Note: Also known as Buck's Fizz.,,Garnish with an orange twist (optional).,,,,[],,,IBA
mint-julep,Mint Julep,,Contemporary Classics,"[{""name"": ""Bourbon Whiskey"", ""amount"": ""60"", ""unit"": ""ml"", ""note"": """", ""direction"": ""60 ml Bourbon Whiskey"", ""raw"": ""60 ml Bourbon Whiskey""}, {""name"": ""fresh Mint sprigs"", ""amount"": ""4"", ""unit"": ""piece"", ""note"": """", ""direction"": ""4 fresh Mint sprigs"", ""raw"": ""4 piece fresh Mint sprigs""}, {""name"": ""Powdered Sugar"", ""amount"": ""1"", ""unit"": ""teaspoon"", ""note"": """", ""direction"": ""1 tsp Powdered Sugar"", ""raw"": ""1 teaspoon Powdered Sugar""}, {""name"": ""Water"", ""amount"": ""2"", ""unit"": ""teaspoon"", ""note"": """", ""direction"": ""2 tsp Water"", ""raw"": ""2 teaspoon Water""}]","60 ml Bourbon Whiskey,4 fresh Mint sprigs,1 tsp Powdered Sugar,2 tsp Water","In Julep Stainless Steel Cup gently muddle the mint with sugar and water. Fill the glass with cracked ice, add the Bourbon and stir well until the cup frosts.",,Garnish with a mint sprig.,,,,[],,,IBA
mojito,Mojito,,Contemporary Classics,"[{""name"": ""White Cuban Ron"", ""amount"": ""45"", ""unit"": ""ml"", ""note"": """", ""direction"": ""45 ml White Cuban Ron"", ""raw"": ""45 ml White Cuban Ron""}, {""name"": ""Fresh Lime Juice"", ""amount"": ""20"", ""unit"": ""ml"", ""note"": """", ""direction"": ""20 ml Fresh Lime Juice"", ""raw"": ""20 ml Fresh Lime Juice""}, {""name"": ""Mint Sprigs"", ""amount"": ""6"", ""unit"": ""piece"", ""note"": """", ""direction"": ""6 pcs Mint Sprigs"", ""raw"": ""6 piece Mint Sprigs""}, {""name"": ""White Cane Sugar"", ""amount"": ""2"", ""unit"": ""teaspoon"", ""note"": """", ""direction"": ""2 tsp White Cane Sugar"", ""raw"": ""2 teaspoon White Cane Sugar""}, {""name"": ""Soda Water"", ""amount"": ""1"", ""unit"": ""top up"", ""note"": """", ""direction"": ""Soda Water"", ""raw"": ""1 top up Soda Water""}]","45 ml White Cuban Ron,20 ml Fresh Lime Juice,6 pcs Mint Sprigs,2 tsp White Cane Sugar,Soda Water",Mix mint springs with sugar and lime juice. Add splash of soda water and fill the glass with ice. Pour the rum and top with soda water. Light stir to involve all ingredients.,,Garnish with sprigs of mint and slice of lime.,,,,[],,,IBA
moscow-mule,Moscow Mule,,Contemporary Classics,"[{""name"": ""Smirnoff Vodka"", ""amount"": ""45"", ""unit"": ""ml"", ""note"": """", ""direction"": ""45 ml Smirnoff Vodka"", ""raw"": ""45 ml Smirnoff Vodka""}, {""name"": ""Ginger Beer"", ""amount"": ""120"", ""unit"": ""ml"", ""note"": """", ""direction"": ""120 ml Ginger Beer"", ""raw"": ""120 ml Ginger Beer""}, {""name"": ""Fresh lime juice"", ""amount"": ""10"", ""unit"": ""ml"", ""note"": """", ""direction"": ""10 ml Fresh lime juice"", ""raw"": ""10 ml Fresh lime juice""}]","45 ml Smirnoff Vodka,120 ml Ginger Beer,10 ml Fresh lime juice","In a Mule Cup or rocks glass, combine the vodka and ginger beer. Add lime juice and gently stir to involve all ingredients.",,Garnish with a lime slice,,,,[],,,IBA
pina-colada,Pina Colada,,Contemporary Classics,"[{""name"": ""White Rum"", ""amount"": ""50"", ""unit"": ""ml"", ""note"": """", ""direction"": ""50 ml White Rum"", ""raw"": ""50 ml White Rum""}, {""name"": ""Coconut Cream"", ""amount"": ""30"", ""unit"": ""ml"", ""note"": """", ""direction"": ""30 ml Coconut Cream"", ""raw"": ""30 ml Coconut Cream""}, {""name"": ""Fresh Pineapple Juice"", ""amount"": ""50"", ""unit"": ""ml"", ""note"": """", ""direction"": ""50 ml Fresh Pineapple Juice"", ""raw"": ""50 ml Fresh Pineapple Juice""}]","50 ml White Rum,30 ml Coconut Cream,50 ml Fresh Pineapple Juice","Blend all the ingredients with ice in an electric blender, pour into a large glass, and serve with straws. Note: Historically a few drops of fresh lime juice were added to taste. 4 slices of fresh pineapple can be used instead of juice",,Garnish with a slice of pineapple with a cocktail cherry.,,,,[],,,IBA
pisco-sour,Pisco Sour,,Contemporary Classics,"[{""name"": ""Pisco"", ""amount"": ""60"", ""unit"": ""ml"", ""note"": """", ""direction"": ""60 ml Pisco"", ""raw"": ""60 ml Pisco""}, {""name"": ""Fresh Lemon Juice"", ""amount"": ""30"", ""unit"": ""ml"", ""note"": """", ""direction"": ""30 ml Fresh Lemon Juice"", ""raw"": ""30 ml Fresh Lemon Juice""}, {""name"": ""Simple Syrup"", ""amount"": ""20"", ""unit"": ""ml"", ""note"": """", ""direction"": ""20 ml Simple Syrup"", ""raw"": ""20 ml Simple Syrup""}, {""name"": ""Raw Egg White"", ""amount"": ""1"", ""unit"": ""piece"", ""note"": """", ""direction"": ""1 Raw Egg White"", ""raw"": ""1 piece Raw Egg White""}]","60 ml Pisco,30 ml Fresh Lemon Juice,20 ml Simple Syrup,1 Raw Egg White",Add all ingredients into a shaker with ice. Shake and strain into a chilled goblet glass.,,Few dashes of Amargo bitters on top as an aromatic garnish.,,,,[],,,IBA
sea-breeze,Sea Breeze,,Contemporary Classics,"[{""name"": ""Vodka"", ""amount"": ""40"", ""unit"": ""ml"", ""note"": """", ""direction"": ""40 ml Vodka"", ""raw"": ""40 ml Vodka""}, {""name"": ""Cranberry Juice"", ""amount"": ""120"", ""unit"": ""ml"", ""note"": """", ""direction"": ""120 ml Cranberry Juice"", ""raw"": ""120 ml Cranberry Juice""}, {""name"": ""Grapefruit Juice"", ""amount"": ""30"", ""unit"": ""ml"", ""note"": """", ""direction"": ""30 ml Grapefruit Juice"", ""raw"": ""30 ml Grapefruit Juice""}]","40 ml Vodka,120 ml Cranberry Juice,30 ml Grapefruit Juice",Build all ingredients in a highball glass filled with ice.,,Garnish with orange zest and cherry,,,,[],,,IBA
sex-on-the-beach,Sex on the Beach,,Contemporary Classics,"[{""name"": ""Vodka"", ""amount"": ""40"", ""unit"": ""ml"", ""note"": """", ""direction"": ""40 ml Vodka"", ""raw"": ""40 ml Vodka""}, {""name"": ""Peach Schnapps"", ""amount"": ""20"", ""unit"": ""ml"", ""note"": """", ""direction"": ""20 ml Peach Schnapps"", ""raw"": ""20 ml Peach Schnapps""}, {""name"": ""Fresh Orange Juice"", ""amount"": ""40"", ""unit"": ""ml"", ""note"": """", ""direction"": ""40 ml Fresh Orange Juice"", ""raw"": ""40 ml Fresh Orange Juice""}, {""name"": ""Cranberry Juice"", ""amount"": ""40"", ""unit"": ""ml"", ""note"": """", ""direction"": ""40 ml Cranberry Juice"", ""raw"": ""40 ml Cranberry Juice""}]","40 ml Vodka,20 ml Peach Schnapps,40 ml Fresh Orange Juice,40 ml Cranberry Juice",Build all ingredients in a highball glass filled with ice.,,Garnish with a half orange slice.,,,,[],,,IBA
singapore-sling,Singapore Sling,,Contemporary Classics,"[{""name"": ""Gin"", ""amount"": ""30"", ""unit"": ""ml"", ""note"": """", ""direction"": ""30 ml Gin"", ""raw"": ""30 ml Gin""}, {""name"": ""Cherry liqueur"", ""amount"": ""15"", ""unit"": ""ml"", ""note"": """", ""direction"": ""15 ml Cherry liqueur"", ""raw"": ""15 ml Cherry liqueur""}, {""name"": ""Cointreau"", ""amount"": ""7.5"", ""unit"": ""ml"", ""note"": """", ""direction"": ""7.5 ml Cointreau"", ""raw"": ""7.5 ml Cointreau""}, {""name"": ""DOM Bénédictine"", ""amount"": ""7.5"", ""unit"": ""ml"", ""note"": """", ""direction"": ""7.5 ml DOM Bénédictine"", ""raw"": ""7.5 ml DOM Bénédictine""}, {""name"": ""Fresh Pineapple Juice"", ""amount"": ""120"", ""unit"": ""ml"", ""note"": """", ""direction"": ""120 ml Fresh Pineapple Juice"", ""raw"": ""120 ml Fresh Pineapple Juice""}, {""name"": ""Fresh Lime Juice"", ""amount"": ""15"", ""unit"": ""ml"", ""note"": """", ""direction"": ""15 ml Fresh Lime Juice"", ""raw"": ""15 ml Fresh Lime Juice""}, {""name"": ""Grenadine Syrup"", ""amount"": ""10"", ""unit"": ""ml"", ""note"": """", ""direction"": ""10 ml Grenadine Syrup"", ""raw"": ""10 ml Grenadine Syrup""}, {""name"": ""Angostura bitters"", ""amount"": ""1"", ""unit"": ""dash"", ""note"": """", ""direction"": ""A dash of Angostura bitters"", ""raw"": ""1 dash Angostura bitters""}]","30 ml Gin,15 ml Cherry liqueur,7.5 ml Cointreau,7.5 ml DOM Bénédictine,120 ml Fresh Pineapple Juice,15 ml Fresh Lime Juice,10 ml Grenadine Syrup,A dash of Angostura bitters",Pour all ingredients into a cocktail shaker filled with ice cubes. Shake well. Strain into Hurricane glass.,,Garnish with pineapple and maraschino cherry,,,,[],,,IBA
tequila-sunrise,Tequila Sunrise,,Contemporary Classics,"[{""name"": ""Tequila"", ""amount"": ""45"", ""unit"": ""ml"", ""note"": """", ""direction"": ""45 ml Tequila"", ""raw"": ""45 ml Tequila""}, {""name"": ""Fresh Orange Juice"", ""amount"": ""90"", ""unit"": ""ml"", ""note"": """", ""direction"": ""90 ml Fresh Orange Juice"", ""raw"": ""90 ml Fresh Orange Juice""}, {""name"": ""Grenadine Syrup"", ""amount"": ""15"", ""unit"": ""ml"", ""note"": """", ""direction"": ""15 ml Grenadine Syrup"", ""raw"": ""15 ml Grenadine Syrup""}]","45 ml Tequila,90 ml Fresh Orange Juice,15 ml Grenadine Syrup","Pour tequila and orange juice directly into highball glass filled with ice cubes. Add the grenadine syrup to create chromatic effect (sunrise), do not stir.",,Garnish with half orange slice or an orange zest,,,,[],,,IBA
vesper,Vesper,,Contemporary Classics,"[{""name"": ""Gin"", ""amount"": ""45"", ""unit"": ""ml"", ""note"": """", ""direction"": ""45 ml Gin"", ""raw"": ""45 ml Gin""}, {""name"": ""Vodka"", ""amount"": ""15"", ""unit"": ""ml"", ""note"": """", ""direction"": ""15 ml Vodka"", ""raw"": ""15 ml Vodka""}, {""name"": ""Lillet Blanc"", ""amount"": ""7.5"", ""unit"": ""ml"", ""note"": """", ""direction"": ""7.5 ml Lillet Blanc"", ""raw"": ""7.5 ml Lillet Blanc""}]","45 ml Gin,15 ml Vodka,7.5 ml Lillet Blanc",Pour all ingredients into a cocktail shaker filled with ice cubes. Shake and strain into a chilled cocktail glass.,,Lemon zest,,,,[],,,IBA
zombie,Zombie,,Contemporary Classics,"[{""name"": ""Jamaican dark rum"", ""amount"": ""45"", ""unit"": ""ml"", ""note"": """", ""direction"": ""45 ml Jamaican dark rum"", ""raw"": ""45 ml Jamaican dark rum""}, {""name"": ""Gold Puerto Rican rum"", ""amount"": ""45"", ""unit"": ""ml"", ""note"": """", ""direction"": ""45 ml Gold Puerto Rican rum"", ""raw"": ""45 ml Gold Puerto Rican rum""}, {""name"": ""Demerara Rum"", ""amount"": ""30"", ""unit"": ""ml"", ""note"": """", ""direction"": ""30 ml Demerara Rum"", ""raw"": ""30 ml Demerara Rum""}, {""name"": ""Fresh lime juice"", ""amount"": ""20"", ""unit"": ""ml"", ""note"": """", ""direction"": ""20 ml Fresh lime juice"", ""raw"": ""20 ml Fresh lime juice""}, {""name"": ""Falernum"", ""amount"": ""15"", ""unit"": ""ml"", ""note"": """", ""direction"": ""15 ml Falernum"", ""raw"": ""15 ml Falernum""}, {""name"": ""Donn's Mix"", ""amount"": ""15"", ""unit"": ""ml"", ""note"": """", ""direction"": ""15 ml Donn's Mix"", ""raw"": ""15 ml Donn's Mix""}, {""name"": ""Grenadine syrup"", ""amount"": ""1"", ""unit"": ""teaspoon"", ""note"": """", ""direction"": ""1 tsp Grenadine syrup"", ""raw"": ""1 teaspoon Grenadine syrup""}, {""name"": ""Angostura bitters"", ""amount"": ""1"", ""unit"": ""dash"", ""note"": """", ""direction"": ""1 dash Angostura bitters"", ""raw"": ""1 dash Angostura bitters""}, {""name"": ""Pernod"", ""amount"": ""6"", ""unit"": ""drops"", ""note"": """", ""direction"": ""6 drops Pernod"", ""raw"": ""6 drops Pernod""}]","45 ml Jamaican dark rum,45 ml Gold Puerto Rican rum,30 ml Demerara Rum,20 ml Fresh lime juice,15 ml Falernum,15 ml Donn's Mix,1 tsp Grenadine syrup,1 dash Angostura bitters,6 drops Pernod",Add all ingredients into an electric blender with 170 grams of cracked ice. With pulse bottom blend for a few seconds. Serve in a tall tumbler glass. Note: Donn's Mix: 2 parts of fresh yellow grapefruit and 1 part of cinnamon syrup,,Garnish with mint leaves.,,,,[],,,IBA
barracuda,Barracuda,,New Era Drinks,"[{""name"": ""Gold Rum"", ""amount"": ""45"", ""unit"": ""ml"", ""note"": """", ""direction"": ""45 ml Gold Rum"", ""raw"": ""45 ml Gold Rum""}, {""name"": ""Galliano"", ""amount"": ""15"", ""unit"": ""ml"", ""note"": """", ""direction"": ""15 ml Galliano"", ""raw"": ""15 ml Galliano""}, {""name"": ""Fresh Pineapple Juice"", ""amount"": ""60"", ""unit"": ""ml"", ""note"": """", ""direction"": ""60 ml Fresh Pineapple Juice"", ""raw"": ""60 ml Fresh Pineapple Juice""}, {""name"": ""Fresh Lime Juice"", ""amount"": ""1"", ""unit"": ""dash"", ""note"": """", ""direction"": ""1 dash Fresh Lime Juice"", ""raw"": ""1 dash Fresh Lime Juice""}, {""name"": ""Prosecco"", ""amount"": ""1"", ""unit"": ""top up"", ""note"": """", ""direction"": ""Top up with Prosecco"", ""raw"": ""1 top up Prosecco""}]","45 ml Gold Rum,15 ml Galliano,60 ml Fresh Pineapple Juice,1 dash Fresh Lime Juice,Top up with Prosecco","Pour all ingredients into cocktail shaker except the Prosecco, shake well with ice, strain into chilled highball glass filled with ice and top up with Prosecco.",,"Pineapple and Cherry, optional mint sprig for additional aroma.",,,,[],,,IBA
bees-knees,Bee's Knees,,New Era Drinks,"[{""name"": ""Dry Gin"", ""amount"": ""52.5"", ""unit"": ""ml"", ""note"": """", ""direction"": ""52.5 ml Dry Gin"", ""raw"": ""52.5 ml Dry Gin""}, {""name"": ""Honey Syrup"", ""amount"": ""2"", ""unit"": ""teaspoon"", ""note"": """", ""direction"": ""2 teaspoons Honey Syrup"", ""raw"": ""2 teaspoon Honey Syrup""}, {""name"": ""Fresh Lemon Juice"", ""amount"": ""22.5"", ""unit"": ""ml"", ""note"": """", ""direction"": ""22.5 ml Fresh Lemon Juice"", ""raw"": ""22.5 ml Fresh Lemon Juice""}, {""name"": ""Fresh Orange Juice"", ""amount"": ""22.5"", ""unit"": ""ml"", ""note"": """", ""direction"": ""22.5 ml Fresh Orange Juice"", ""raw"": ""22.5 ml Fresh Orange Juice""}]","52.5 ml Dry Gin,2 teaspoons Honey Syrup,22.5 ml Fresh Lemon Juice,22.5 ml Fresh Orange Juice","Stir honey with lemon and orange juices until it dissolves, add gin and shake with ice. Strain into a chilled cocktail glass.",,Optionally garnish with a lemon or orange zest.,,,,[],,,IBA
bramble,Bramble,,New Era Drinks,"[{""name"": ""Gin"", ""amount"": ""50"", ""unit"": ""ml"", ""note"": """", ""direction"": ""50 ml Gin"", ""raw"": ""50 ml Gin""}, {""name"": ""Fresh Lemon Juice"", ""amount"": ""25"", ""unit"": ""ml"", ""note"": """", ""direction"": ""25 ml Fresh Lemon Juice"", ""raw"": ""25 ml Fresh Lemon Juice""}, {""name"": ""Sugar Syrup"", ""amount"": ""12.5"", ""unit"": ""ml"", ""note"": """", ""direction"": ""12.5 ml Sugar Syrup"", ""raw"": ""12.5 ml Sugar Syrup""}, {""name"": ""Crème de Mûre"", ""amount"": ""15"", ""unit"": ""ml"", ""note"": """", ""direction"": ""15 ml Crème de Mûre"", ""raw"": ""15 ml Crème de Mûre""}]","50 ml Gin,25 ml Fresh Lemon Juice,12.5 ml Sugar Syrup,15 ml Crème de Mûre","Pour all ingredients into a cocktail shaker except the Crème de Mûre, shake well with ice, strain into chilled old fashioned glass filled with crushed ice, then pour the blackberry liqueur (Crème de Mûre) over the top of the drink, in a circular motion.",,Garnish optionally with a lemon slice and blackberries.,,,,[],,,IBA
canchanchara,Canchanchara,,New Era Drinks,"[{""name"": ""Cuban Aguardiente"", ""amount"": ""60"", ""unit"": ""ml"", ""note"": """", ""direction"": ""60 ml Cuban Aguardiente"", ""raw"": ""60 ml Cuban Aguardiente""}, {""name"": ""Fresh Lime Juice"", ""amount"": ""15"", ""unit"": ""ml"", ""note"": """", ""direction"": ""15 ml Fresh Lime Juice"", ""raw"": ""15 ml Fresh Lime Juice""}, {""name"": ""Raw Honey"", ""amount"": ""15"", ""unit"": ""ml"", ""note"": """", ""direction"": ""15 ml Raw Honey"", ""raw"": ""15 ml Raw Honey""}, {""name"": ""Water"", ""amount"": ""50"", ""unit"": ""ml"", ""note"": """", ""direction"": ""50 ml Water"", ""raw"": ""50 ml Water""}]","60 ml Cuban Aguardiente,15 ml Fresh Lime Juice,15 ml Raw Honey,50 ml Water","Mix honey with water and lime juice and spread the mixture on the bottom and sides of the glass. Add cracked ice, and then the rum. End by energetically stirring from bottom to top.",,Lime wedge.,,,,[],,,IBA
dark-n-stormy,Dark ‘n' stormy,,New Era Drinks,"[{""name"": ""Goslings Rum"", ""amount"": ""60"", ""unit"": ""ml"", ""note"": """", ""direction"": ""60 ml Goslings Rum"", ""raw"": ""60 ml Goslings Rum""}, {""name"": ""Ginger Beer"", ""amount"": ""100"", ""unit"": ""ml"", ""note"": """", ""direction"": ""100 ml Ginger Beer"", ""raw"": ""100 ml Ginger Beer""}]","60 ml Goslings Rum,100 ml Ginger Beer",In a highball glass filled with ice pour the ginger beer and top floating with the Rum.,,Garnish with a lime wedge or slice.,,,,[],,,IBA
espresso-martini,Espresso Martini,,New Era Drinks,"[{""name"": ""Vodka"", ""amount"": ""50"", ""unit"": ""ml"", ""note"": """", ""direction"": ""50 ml Vodka"", ""raw"": ""50 ml Vodka""}, {""name"": ""Kahlúa"", ""amount"": ""30"", ""unit"": ""ml"", ""note"": """", ""direction"": ""30 ml Kahlúa"", ""raw"": ""30 ml Kahlúa""}, {""name"": ""Sugar Syrup"", ""amount"": ""10"", ""unit"": ""ml"", ""note"": """", ""direction"": ""10 ml Sugar Syrup"", ""raw"": ""10 ml Sugar Syrup""}, {""name"": ""strong Espresso"", ""amount"": ""1"", ""unit"": ""shot"", ""note"": """", ""direction"": ""1 strong Espresso"", ""raw"": ""1 shot strong Espresso""}]","50 ml Vodka,30 ml Kahlúa,10 ml Sugar Syrup,1 strong Espresso","Pour all ingredients into cocktail shaker, shake well with ice, strain into chilled cocktail glass.",,,,,,[],,,IBA
fernandito,Fernandito,,New Era Drinks,"[{""name"": ""Fernet Branca"", ""amount"": ""50"", ""unit"": ""ml"", ""note"": """", ""direction"": ""50 ml Fernet Branca"", ""raw"": ""50 ml Fernet Branca""}, {""name"": ""Cola"", ""amount"": ""1"", ""unit"": ""fill up"", ""note"": """", ""direction"": ""Fill up with Cola"", ""raw"": ""1 fill up Cola""}]","50 ml Fernet Branca,Fill up with Cola","Pour the Fernet Branca into a double old fashioned glass with ice, fill the glass up with Cola. Gently stir.",,,,,,[],,,IBA
french-martini,French Martini,,New Era Drinks,"[{""name"": ""Vodka"", ""amount"": ""45"", ""unit"": ""ml"", ""note"": """", ""direction"": ""45 ml Vodka"", ""raw"": ""45 ml Vodka""}, {""name"": ""Raspberry Liqueur"", ""amount"": ""15"", ""unit"": ""ml"", ""note"": """", ""direction"": ""15 ml Raspberry Liqueur"", ""raw"": ""15 ml Raspberry Liqueur""}, {""name"": ""Fresh Pineapple Juice"", ""amount"": ""15"", ""unit"": ""ml"", ""note"": """", ""direction"": ""15 ml Fresh Pineapple Juice"", ""raw"": ""15 ml Fresh Pineapple Juice""}]","45 ml Vodka,15 ml Raspberry Liqueur,15 ml Fresh Pineapple Juice","Pour all ingredients into cocktail shaker, shake well with ice, strain into chilled cocktail glass.",,Squeeze oil from lemon peel onto the drink.,,,,[],,,IBA
illegal,Illegal,,New Era Drinks,"[{""name"": ""Espadin Mezcal"", ""amount"": ""30"", ""unit"": ""ml"", ""note"": """", ""direction"": ""30 ml Espadin Mezcal"", ""raw"": ""30 ml Espadin Mezcal""}, {""name"": ""Jamaica Overproof White Rum"", ""amount"": ""15"", ""unit"": ""ml"", ""note"": """", ""direction"": ""15 ml Jamaica Overproof White Rum"", ""raw"": ""15 ml Jamaica Overproof White Rum""}, {""name"": ""Falernum"", ""amount"": ""15"", ""unit"": ""ml"", ""note"": """", ""direction"": ""15 ml Falernum"", ""raw"": ""15 ml Falernum""}, {""name"": ""Maraschino Luxardo"", ""amount"": ""1"", ""unit"": ""bar spoon"", ""note"": """", ""direction"": ""1 Bar Spoon Maraschino Luxardo"", ""raw"": ""1 bar spoon Maraschino Luxardo""}, {""name"": ""Fresh Lime Juice"", ""amount"": ""22.5"", ""unit"": ""ml"", ""note"": """", ""direction"": ""22.5 ml Fresh Lime Juice"", ""raw"": ""22.5 ml Fresh Lime Juice""}, {""name"": ""Simple Syrup"", ""amount"": ""15"", ""unit"": ""ml"", ""note"": """", ""direction"": ""15 ml Simple Syrup"", ""raw"": ""15 ml Simple Syrup""}, {""name"": ""Egg White"", ""amount"": ""few"", ""unit"": ""drops"", ""note"": ""Optional"", ""direction"": ""Few Drops of Egg White (Optional)"", ""raw"": ""few drops Egg White Optional""}]","30 ml Espadin Mezcal,15 ml Jamaica Overproof White Rum,15 ml Falernum,1 Bar Spoon Maraschino Luxardo,22.5 ml Fresh Lime Juice,15 ml Simple Syrup,Few Drops of Egg White (Optional)","Pour all ingredients into the shaker. Shake vigorously with ice. Strain into a chilled cocktail glass, or “on the rocks” in a traditional clay or terracotta mug.",,,,,,[],,,IBA
lemon-drop-martini,Lemon drop Martini,,New Era Drinks,"[{""name"": ""Vodka Citron"", ""amount"": ""30"", ""unit"": ""ml"", ""note"": """", ""direction"": ""30 ml Vodka Citron"", ""raw"": ""30 ml Vodka Citron""}, {""name"": ""Triple Sec"", ""amount"": ""20"", ""unit"": ""ml"", ""note"": """", ""direction"": ""20 ml Triple Sec"", ""raw"": ""20 ml Triple Sec""}, {""name"": ""Fresh Lemon Juice"", ""amount"": ""15"", ""unit"": ""ml"", ""note"": """", ""direction"": ""15 ml Fresh Lemon Juice"", ""raw"": ""15 ml Fresh Lemon Juice""}]","30 ml Vodka Citron,20 ml Triple Sec,15 ml Fresh Lemon Juice","Pour all ingredients into cocktail shaker, shake well with ice, strain into chilled cocktail glass.",,Garnish with sugar rim around the glass.,,,,[],,,IBA
naked-and-famous,Naked and Famous,,New Era Drinks,"[{""name"": ""Mezcal"", ""amount"": ""22.5"", ""unit"": ""ml"", ""note"": """", ""direction"": ""22.5 ml Mezcal"", ""raw"": ""22.5 ml Mezcal""}, {""name"": ""Yellow Chartreuse"", ""amount"": ""22.5"", ""unit"": ""ml"", ""note"": """", ""direction"": ""22.5 ml Yellow Chartreuse"", ""raw"": ""22.5 ml Yellow Chartreuse""}, {""name"": ""Aperol"", ""amount"": ""22.5"", ""unit"": ""ml"", ""note"": """", ""direction"": ""22.5 ml Aperol"", ""raw"": ""22.5 ml Aperol""}, {""name"": ""Fresh Lime Juice"", ""amount"": ""22.5"", ""unit"": ""ml"", ""note"": """", ""direction"": ""22.5 ml Fresh Lime Juice"", ""raw"": ""22.5 ml Fresh Lime Juice""}]","22.5 ml Mezcal,22.5 ml Yellow Chartreuse,22.5 ml Aperol,22.5 ml Fresh Lime Juice","Pour all ingredients into cocktail shaker, shake well with ice, strain into chilled cocktail glass.",,,,,,[],,,IBA
new-york-sour,New York Sour,,New Era Drinks,"[{""name"": ""Rye Whiskey or Bourbon"", ""amount"": ""60"", ""unit"": ""ml"", ""note"": """", ""direction"": ""60 ml Rye Whiskey or Bourbon"", ""raw"": ""60 ml Rye Whiskey or Bourbon""}, {""name"": ""Simple syrup"", ""amount"": ""22.5"", ""unit"": ""ml"", ""note"": """", ""direction"": ""22.5 ml Simple syrup"", ""raw"": ""22.5 ml Simple syrup""}, {""name"": ""Fresh lemon juice"", ""amount"": ""30"", ""unit"": ""ml"", ""note"": """", ""direction"": ""30 ml Fresh lemon juice"", ""raw"": ""30 ml Fresh lemon juice""}, {""name"": ""Egg White"", ""amount"": ""few"", ""unit"": ""drops"", ""note"": """", ""direction"": ""Few Drops of Egg White"", ""raw"": ""few drops Egg White""}, {""name"": ""Red wine"", ""amount"": ""15"", ""unit"": ""ml"", ""note"": ""Shiraz or Malbech"", ""direction"": ""15 ml Red wine (Shiraz or Malbech)"", ""raw"": ""15 ml Red wine Shiraz or Malbech""}]","60 ml Rye Whiskey or Bourbon,22.5 ml Simple syrup,30 ml Fresh lemon juice,Few Drops of Egg White,15 ml Red wine (Shiraz or Malbech)",Pour all ingredients into the shaker. Shake vigorously with ice. Strain into a chilled rocks glass filled with ice. Float the wine on top.,,Garnish with lemon or orange zest with cherry.,,,,[],,,IBA
old-cuban,Old Cuban,,New Era Drinks,"[{""name"": ""Mint Leaves"", ""amount"": ""6-8"", ""unit"": ""piece"", ""note"": """", ""direction"": ""6/8 pcs Mint Leaves"", ""raw"": ""6-8 piece Mint Leaves""}, {""name"": ""Aged Rum"", ""amount"": ""45"", ""unit"": ""ml"", ""note"": """", ""direction"": ""45 ml Aged Rum"", ""raw"": ""45 ml Aged Rum""}, {""name"": ""Fresh Lime Juice"", ""amount"": ""22.5"", ""unit"": ""ml"", ""note"": """", ""direction"": ""22.5 ml Fresh Lime Juice"", ""raw"": ""22.5 ml Fresh Lime Juice""}, {""name"": ""Simple Syrup"", ""amount"": ""30"", ""unit"": ""ml"", ""note"": """", ""direction"": ""30 ml Simple Syrup"", ""raw"": ""30 ml Simple Syrup""}, {""name"": ""Angostura Bitters"", ""amount"": ""2"", ""unit"": ""dash"", ""note"": """", ""direction"": ""2 Dashes Angostura Bitters"", ""raw"": ""2 dash Angostura Bitters""}, {""name"": ""Brut Champagne or Prosecco"", ""amount"": ""60"", ""unit"": ""ml"", ""note"": """", ""direction"": ""60 ml Brut Champagne or Prosecco"", ""raw"": ""60 ml Brut Champagne or Prosecco""}]","6/8 pcs Mint Leaves,45 ml Aged Rum,22.5 ml Fresh Lime Juice,30 ml Simple Syrup,2 Dashes Angostura Bitters,60 ml Brut Champagne or Prosecco","Pour all ingredients into cocktail shaker except the wine, shake well with ice, strain into chilled elegant cocktail glass. Top up with the sparkling wine.",,Garnish with mint springs.,,,,[],,,IBA
paloma,Paloma,,New Era Drinks,"[{""name"": ""100% Agave Tequila"", ""amount"": ""50"", ""unit"": ""ml"", ""note"": """", ""direction"": ""50 ml 100% Agave Tequila"", ""raw"": ""50 ml 100% Agave Tequila""}, {""name"": ""Fresh lime"", ""amount"": ""5"", ""unit"": ""ml"", ""note"": """", ""direction"": ""5 ml Fresh lime"", ""raw"": ""5 ml Fresh lime""}, {""name"": ""Salt"", ""amount"": ""1"", ""unit"": ""pinch"", ""note"": """", ""direction"": ""A pinch of Salt"", ""raw"": ""1 pinch Salt""}, {""name"": ""Pink Grapefruit Soda"", ""amount"": ""100"", ""unit"": ""ml"", ""note"": """", ""direction"": ""100 ml Pink Grapefruit Soda"", ""raw"": ""100 ml Pink Grapefruit Soda""}]","50 ml 100% Agave Tequila,5 ml Fresh lime,A pinch of Salt,100 ml Pink Grapefruit Soda","Poor the tequila into a highball glass, squeeze the lime juice. Add ice and salt, fill up pink grapefruit soda. Stir gently.",,Garnish with a slice of lime.,,,,[],,,IBA
paper-plane,Paper Plane,,New Era Drinks,"[{""name"": ""Bourbon Whiskey"", ""amount"": ""30"", ""unit"": ""ml"", ""note"": """", ""direction"": ""30 ml Bourbon Whiskey"", ""raw"": ""30 ml Bourbon Whiskey""}, {""name"": ""Amaro Nonino"", ""amount"": ""30"", ""unit"": ""ml"", ""note"": """", ""direction"": ""30 ml Amaro Nonino"", ""raw"": ""30 ml Amaro Nonino""}, {""name"": ""Aperol"", ""amount"": ""30"", ""unit"": ""ml"", ""note"": """", ""direction"": ""30 ml Aperol"", ""raw"": ""30 ml Aperol""}, {""name"": ""Fresh Lemon Juice"", ""amount"": ""30"", ""unit"": ""ml"", ""note"": """", ""direction"": ""30 ml Fresh Lemon Juice"", ""raw"": ""30 ml Fresh Lemon Juice""}]","30 ml Bourbon Whiskey,30 ml Amaro Nonino,30 ml Aperol,30 ml Fresh Lemon Juice","Pour all ingredients into cocktail shaker, shake well with ice, strain into chilled cocktail glass.",,,,,,[],,,IBA
penicillin,Penicillin,,New Era Drinks,"[{""name"": ""Blended Scotch Whisky"", ""amount"": ""60"", ""unit"": ""ml"", ""note"": """", ""direction"": ""60 ml Blended Scotch Whisky"", ""raw"": ""60 ml Blended Scotch Whisky""}, {""name"": ""Lagavulin 16 y Whisky"", ""amount"": ""7.5"", ""unit"": ""ml"", ""note"": """", ""direction"": ""7.5 ml Lagavulin 16 y Whisky"", ""raw"": ""7.5 ml Lagavulin 16 y Whisky""}, {""name"": ""Fresh Lemon Juice"", ""amount"": ""22.5"", ""unit"": ""ml"", ""note"": """", ""direction"": ""22.5 ml Fresh Lemon Juice"", ""raw"": ""22.5 ml Fresh Lemon Juice""}, {""name"": ""Honey Syrup"", ""amount"": ""22.5"", ""unit"": ""ml"", ""note"": """", ""direction"": ""22.5 ml Honey Syrup"", ""raw"": ""22.5 ml Honey Syrup""}, {""name"": ""quarter size Sliced Fresh Ginger"", ""amount"": ""2-3"", ""unit"": ""piece"", ""note"": """", ""direction"": ""2-3 quarter size Sliced Fresh Ginger"", ""raw"": ""2-3 piece quarter size Sliced Fresh Ginger""}]","60 ml Blended Scotch Whisky,7.5 ml Lagavulin 16 y Whisky,22.5 ml Fresh Lemon Juice,22.5 ml Honey Syrup,2-3 quarter size Sliced Fresh Ginger","Muddle fresh ginger in a shaker and add the remaining ingredients, except for the Islay single malt whiskey. Fill the shaker with ice and shake. Double-strain into a chilled old fashioned glass with ice. Float the single malt whisky on top.",,Garnish with candied ginger.,,,,[],,,IBA
russian-spring-punch,Russian Spring Punch,,New Era Drinks,"[{""name"": ""Vodka"", ""amount"": ""25"", ""unit"": ""ml"", ""note"": """", ""direction"": ""25 ml Vodka"", ""raw"": ""25 ml Vodka""}, {""name"": ""Fresh Lemon Juice"", ""amount"": ""25"", ""unit"": ""ml"", ""note"": """", ""direction"": ""25 ml Fresh Lemon Juice"", ""raw"": ""25 ml Fresh Lemon Juice""}, {""name"": ""Crème de Cassis"", ""amount"": ""15"", ""unit"": ""ml"", ""note"": """", ""direction"": ""15 ml Crème de Cassis"", ""raw"": ""15 ml Crème de Cassis""}, {""name"": ""Sugar syrup"", ""amount"": ""10"", ""unit"": ""ml"", ""note"": """", ""direction"": ""10 ml Sugar syrup"", ""raw"": ""10 ml Sugar syrup""}, {""name"": ""Sparkling wine"", ""amount"": ""1"", ""unit"": ""top up"", ""note"": """", ""direction"": ""Top up Sparkling wine"", ""raw"": ""1 top up Sparkling wine""}]","25 ml Vodka,25 ml Fresh Lemon Juice,15 ml Crème de Cassis,10 ml Sugar syrup,Top up Sparkling wine","Pour all ingredients into a cocktail shaker except the sparkling wine, shake well with ice, strain into a chilled tall tumbler glass filled with ice, and top up with sparkling wine.",,Garnish with blackberries and optionally a lemon slice as well.,,,,[],,,IBA
southside,Southside,,New Era Drinks,"[{""name"": ""London Dry Gin"", ""amount"": ""60"", ""unit"": ""ml"", ""note"": """", ""direction"": ""60 ml London Dry Gin"", ""raw"": ""60 ml London Dry Gin""}, {""name"": ""Fresh Lemon Juice"", ""amount"": ""30"", ""unit"": ""ml"", ""note"": """", ""direction"": ""30 ml Fresh Lemon Juice"", ""raw"": ""30 ml Fresh Lemon Juice""}, {""name"": ""Simple Syrup"", ""amount"": ""15"", ""unit"": ""ml"", ""note"": """", ""direction"": ""15 ml Simple Syrup"", ""raw"": ""15 ml Simple Syrup""}, {""name"": ""Mint Leaves"", ""amount"": ""5-6"", ""unit"": ""piece"", ""note"": """", ""direction"": ""5/6 Mint Leaves"", ""raw"": ""5-6 piece Mint Leaves""}, {""name"": ""Egg White"", ""amount"": ""few"", ""unit"": ""drops"", ""note"": ""Optional"", ""direction"": ""Few Drops of Egg White (Optional)"", ""raw"": ""few drops Egg White Optional""}]","60 ml London Dry Gin,30 ml Fresh Lemon Juice,15 ml Simple Syrup,5/6 Mint Leaves,Few Drops of Egg White (Optional)","Pour all ingredients into a cocktail shaker, shake well with ice, double-strain into chilled cocktail glass. Note: If egg white is used shake vigorously.",,Garnish with mint springs.,,,,[],,,IBA
spicy-fifty,Spicy Fifty,,New Era Drinks,"[{""name"": ""Vodka Vanilla"", ""amount"": ""50"", ""unit"": ""ml"", ""note"": """", ""direction"": ""50 ml Vodka Vanilla"", ""raw"": ""50 ml Vodka Vanilla""}, {""name"": ""Elderflower Cordial"", ""amount"": ""15"", ""unit"": ""ml"", ""note"": """", ""direction"": ""15 ml Elderflower Cordial"", ""raw"": ""15 ml Elderflower Cordial""}, {""name"": ""Fresh Lime Juice"", ""amount"": ""15"", ""unit"": ""ml"", ""note"": """", ""direction"": ""15 ml Fresh Lime Juice"", ""raw"": ""15 ml Fresh Lime Juice""}, {""name"": ""Monin Honey Syrup"", ""amount"": ""10"", ""unit"": ""ml"", ""note"": """", ""direction"": ""10 ml Monin Honey Syrup"", ""raw"": ""10 ml Monin Honey Syrup""}, {""name"": ""thin Slices Red Chili Pepper"", ""amount"": ""2"", ""unit"": ""piece"", ""note"": """", ""direction"": ""2 thin Slices Red Chili Pepper"", ""raw"": ""2 piece thin Slices Red Chili Pepper""}]","50 ml Vodka Vanilla,15 ml Elderflower Cordial,15 ml Fresh Lime Juice,10 ml Monin Honey Syrup,2 thin Slices Red Chili Pepper","Pour all ingredients into a cocktail shaker, shake well with ice, double-strain into chilled cocktail glass.",,Garnish with a red chili pepper,,,,[],,,IBA
spritz,Spritz,,New Era Drinks,"[{""name"": ""Prosecco"", ""amount"": ""90"", ""unit"": ""ml"", ""note"": """", ""direction"": ""90 ml Prosecco"", ""raw"": ""90 ml Prosecco""}, {""name"": ""Aperol"", ""amount"": ""60"", ""unit"": ""ml"", ""note"": """", ""direction"": ""60 ml Aperol"", ""raw"": ""60 ml Aperol""}, {""name"": ""Soda water"", ""amount"": ""1"", ""unit"": ""splash"", ""note"": """", ""direction"": ""Splash of Soda water"", ""raw"": ""1 splash Soda water""}]","90 ml Prosecco,60 ml Aperol,Splash of Soda water","Build all ingredients into a wine glass filled with ice. Stir gently. NOTE: There are other versions of the Spritz that use Campari, Cynar or Select instead of Aperol.",,Garnish with a slice of orange.,,,,[],,,IBA
suffering-bastard,Suffering Bastard,,New Era Drinks,"[{""name"": ""Cognac or Brandy"", ""amount"": ""30"", ""unit"": ""ml"", ""note"": """", ""direction"": ""30 ml Cognac or Brandy"", ""raw"": ""30 ml Cognac or Brandy""}, {""name"": ""Gin"", ""amount"": ""30"", ""unit"": ""ml"", ""note"": """", ""direction"": ""30 ml Gin"", ""raw"": ""30 ml Gin""}, {""name"": ""Fresh Lime Juice"", ""amount"": ""15"", ""unit"": ""ml"", ""note"": """", ""direction"": ""15 ml Fresh Lime Juice"", ""raw"": ""15 ml Fresh Lime Juice""}, {""name"": ""Angostura Bitters"", ""amount"": ""2"", ""unit"": ""dash"", ""note"": """", ""direction"": ""2 Dashes Angostura Bitters"", ""raw"": ""2 dash Angostura Bitters""}, {""name"": ""Ginger beer"", ""amount"": ""1"", ""unit"": ""top up"", ""note"": """", ""direction"": ""Top up Ginger beer"", ""raw"": ""1 top up Ginger beer""}]","30 ml Cognac or Brandy,30 ml Gin,15 ml Fresh Lime Juice,2 Dashes Angostura Bitters,Top up Ginger beer","Pour all ingredients into a cocktail shaker except the ginger beer, shake well with ice, Pour unstrained into a Collins glass or in the original S. Bastard mug and top up with ginger beer.",,Garnish with mint springs and optionally an orange slice as well.,,,,[],,,IBA
tipperary,Tipperary,,New Era Drinks,"[{""name"": ""Irish Whiskey"", ""amount"": ""50"", ""unit"": ""ml"", ""note"": """", ""direction"": ""50 ml Irish Whiskey"", ""raw"": ""50 ml Irish Whiskey""}, {""name"": ""Sweet Red Vermouth"", ""amount"": ""25"", ""unit"": ""ml"", ""note"": """", ""direction"": ""25 ml Sweet Red Vermouth"", ""raw"": ""25 ml Sweet Red Vermouth""}, {""name"": ""Green Chartreuse"", ""amount"": ""15"", ""unit"": ""ml"", ""note"": """", ""direction"": ""15 ml Green Chartreuse"", ""raw"": ""15 ml Green Chartreuse""}, {""name"": ""Angostura Bitters"", ""amount"": ""2"", ""unit"": ""dash"", ""note"": """", ""direction"": ""2 Dashes Angostura Bitters"", ""raw"": ""2 dash Angostura Bitters""}]","50 ml Irish Whiskey,25 ml Sweet Red Vermouth,15 ml Green Chartreuse,2 Dashes Angostura Bitters",Pour all ingredients into mixing glass with ice cubes. Stir well. Strain into chilled martini cocktail glass.,,Garnish with a slice of orange.,,,,[],,,IBA
tommys-margarita,Tommy's Margarita,,New Era Drinks,"[{""name"": ""Tequila Agave 100% Reposado"", ""amount"": ""60"", ""unit"": ""ml"", ""note"": """", ""direction"": ""60 ml Tequila Agave 100% Reposado"", ""raw"": ""60 ml Tequila Agave 100% Reposado""}, {""name"": ""Fresh Lime Juice"", ""amount"": ""30"", ""unit"": ""ml"", ""note"": ""Persiano"", ""direction"": ""30 ml Fresh Lime Juice (Persiano)"", ""raw"": ""30 ml Fresh Lime Juice Persiano""}, {""name"": ""Agave Syrup"", ""amount"": ""30"", ""unit"": ""ml"", ""note"": ""1/2 Water + 1/2 Agave Nectar"", ""direction"": ""30 ml Agave Syrup (1/2 Water + 1/2 Agave Nectar)"", ""raw"": ""30 ml Agave Syrup 1/2 Water + 1/2 Agave Nectar""}]","60 ml Tequila Agave 100% Reposado,30 ml Fresh Lime Juice (Persiano),30 ml Agave Syrup (1/2 Water + 1/2 Agave Nectar)","Pour all ingredients into a cocktail shaker, shake well with ice, strain into a chilled rocks glass filled with ice.",,Garnish with a lime slice.,,,,[],,,IBA
trinidad-sour,Trinidad Sour,,New Era Drinks,"[{""name"": ""Angostura Bitters"", ""amount"": ""45"", ""unit"": ""ml"", ""note"": """", ""direction"": ""45 ml Angostura Bitters"", ""raw"": ""45 ml Angostura Bitters""}, {""name"": ""Orgeat Syrup"", ""amount"": ""30"", ""unit"": ""ml"", ""note"": """", ""direction"": ""30 ml Orgeat Syrup"", ""raw"": ""30 ml Orgeat Syrup""}, {""name"": ""Fresh Lemon Juice"", ""amount"": ""22.5"", ""unit"": ""ml"", ""note"": """", ""direction"": ""22.5 ml Fresh Lemon Juice"", ""raw"": ""22.5 ml Fresh Lemon Juice""}, {""name"": ""Rye Whisky"", ""amount"": ""15"", ""unit"": ""ml"", ""note"": """", ""direction"": ""15 ml Rye Whisky"", ""raw"": ""15 ml Rye Whisky""}]","45 ml Angostura Bitters,30 ml Orgeat Syrup,22.5 ml Fresh Lemon Juice,15 ml Rye Whisky","Pour all ingredients into a cocktail shaker, shake well with ice, strain into a chilled cocktail glass.",,,,,,[],,,IBA
ve-n-to,VE.N.TO,,New Era Drinks,"[{""name"": ""White Smooth Grappa"", ""amount"": ""45"", ""unit"": ""ml"", ""note"": """", ""direction"": ""45 ml White Smooth Grappa"", ""raw"": ""45 ml White Smooth Grappa""}, {""name"": ""Fresh lemon Juice"", ""amount"": ""22.5"", ""unit"": ""ml"", ""note"": """", ""direction"": ""22.5 ml Fresh lemon Juice"", ""raw"": ""22.5 ml Fresh lemon Juice""}, {""name"": ""Honey mix"", ""amount"": ""15"", ""unit"": ""ml"", ""note"": ""replace water with chamomile"", ""direction"": ""15 ml Honey mix (replace water with chamomile)"", ""raw"": ""15 ml Honey mix replace water with chamomile""}, {""name"": ""Chamomile cordial"", ""amount"": ""15"", ""unit"": ""ml"", ""note"": """", ""direction"": ""15 ml Chamomile cordial"", ""raw"": ""15 ml Chamomile cordial""}, {""name"": ""Egg White"", ""amount"": ""10"", ""unit"": ""ml"", ""note"": ""Optional"", ""direction"": ""10 ml Egg White (Optional)"", ""raw"": ""10 ml Egg White Optional""}]","45 ml White Smooth Grappa,22.5 ml Fresh lemon Juice,15 ml Honey mix (replace water with chamomile),15 ml Chamomile cordial,10 ml Egg White (Optional)",Pour all ingredients into the shaker. Shake vigorously with ice. Strain into a chilled small tumbler glass filled with ice. Notes: If desired water can be replaced by chamomile infusion in the honey mix.,,Garnish with lemon zest and white grapes.,,,,[],,,IBA
yellow-bird,Yellow Bird,,New Era Drinks,"[{""name"": ""White rum"", ""amount"": ""30"", ""unit"": ""ml"", ""note"": """", ""direction"": ""30 ml White rum"", ""raw"": ""30 ml White rum""}, {""name"": ""Galliano"", ""amount"": ""15"", ""unit"": ""ml"", ""note"": """", ""direction"": ""15 ml Galliano"", ""raw"": ""15 ml Galliano""}, {""name"": ""Triple Sec"", ""amount"": ""15"", ""unit"": ""ml"", ""note"": """", ""direction"": ""15 ml Triple Sec"", ""raw"": ""15 ml Triple Sec""}, {""name"": ""Fresh Lime Juice"", ""amount"": ""15"", ""unit"": ""ml"", ""note"": """", ""direction"": ""15 ml Fresh Lime Juice"", ""raw"": ""15 ml Fresh Lime Juice""}]","30 ml White rum,15 ml Galliano,15 ml Triple Sec,15 ml Fresh Lime Juice","Pour all ingredients into a cocktail shaker, shake well with ice, strain into chilled cocktail glass.",,,,,,[],,,IBA
alexander,Alexander,,The Unforgettables,"[{""name"": ""Cognac"", ""amount"": ""30"", ""unit"": ""ml"", ""note"": """", ""direction"": ""30 ml Cognac"", ""raw"": ""30 ml Cognac""}, {""name"": ""Crème de Cacao"", ""amount"": ""30"", ""unit"": ""ml"", ""note"": ""Brown"", ""direction"": ""30 ml Crème de Cacao (Brown)"", ""raw"": ""30 ml Crème de Cacao Brown""}, {""name"": ""Fresh Cream"", ""amount"": ""30"", ""unit"": ""ml"", ""note"": """", ""direction"": ""30 ml Fresh Cream"", ""raw"": ""30 ml Fresh Cream""}]","30 ml Cognac,30 ml Crème de Cacao (Brown),30 ml Fresh Cream",Pour all ingredients into cocktail shaker filled with ice cubes. Shake and strain into a chilled cocktail glass.,,Sprinkle fresh ground nutmeg on top.,,,,[],,,IBA
americano,Americano,,The Unforgettables,"[{""name"": ""Bitter Campari"", ""amount"": ""30"", ""unit"": ""ml"", ""note"": """", ""direction"": ""30 ml Bitter Campari"", ""raw"": ""30 ml Bitter Campari""}, {""name"": ""Sweet Red Vermouth"", ""amount"": ""30"", ""unit"": ""ml"", ""note"": """", ""direction"": ""30 ml Sweet Red Vermouth"", ""raw"": ""30 ml Sweet Red Vermouth""}, {""name"": ""Soda Water"", ""amount"": ""1"", ""unit"": ""splash"", ""note"": """", ""direction"": ""A splash of Soda Water"", ""raw"": ""1 splash Soda Water""}]","30 ml Bitter Campari,30 ml Sweet Red Vermouth,A splash of Soda Water",Mix the ingredients directly in an old fashioned glass filled with ice cubes. Add a splash of Soda Water. Stir gently.,,Garnish with half orange slice and a lemon zest.,,,,[],,,IBA
angel-face,Angel Face,,The Unforgettables,"[{""name"": ""Gin"", ""amount"": ""30"", ""unit"": ""ml"", ""note"": """", ""direction"": ""30 ml Gin"", ""raw"": ""30 ml Gin""}, {""name"": ""Apricot Brandy"", ""amount"": ""30"", ""unit"": ""ml"", ""note"": """", ""direction"": ""30 ml Apricot Brandy"", ""raw"": ""30 ml Apricot Brandy""}, {""name"": ""Calvados"", ""amount"": ""30"", ""unit"": ""ml"", ""note"": """", ""direction"": ""30 ml Calvados"", ""raw"": ""30 ml Calvados""}]","30 ml Gin,30 ml Apricot Brandy,30 ml Calvados",Pour all ingredients into cocktail shaker filled with ice cubes. Shake and strain into a chilled cocktail glass.,,,,,,[],,,IBA
aviation,Aviation,,The Unforgettables,"[{""name"": ""Gin"", ""amount"": ""45"", ""unit"": ""ml"", ""note"": """", ""direction"": ""45 ml Gin"", ""raw"": ""45 ml Gin""}, {""name"": ""Maraschino Luxardo"", ""amount"": ""15"", ""unit"": ""ml"", ""note"": """", ""direction"": ""15 ml Maraschino Luxardo"", ""raw"": ""15 ml Maraschino Luxardo""}, {""name"": ""Fresh Lemon Juice"", ""amount"": ""15"", ""unit"": ""ml"", ""note"": """", ""direction"": ""15 ml Fresh Lemon Juice"", ""raw"": ""15 ml Fresh Lemon Juice""}, {""name"": ""Crème de Violette"", ""amount"": ""1"", ""unit"": ""bar spoon"", ""note"": """", ""direction"": ""1 Bar Spoon Crème de Violette"", ""raw"": ""1 bar spoon Crème de Violette""}]","45 ml Gin,15 ml Maraschino Luxardo,15 ml Fresh Lemon Juice,1 Bar Spoon Crème de Violette",Add all ingredients into a cocktail shaker. Shake with cracked ice and strain into a chilled cocktail glass.,,Optional Maraschino Cherry.,,,,[],,,IBA
between-the-sheets,Between the Sheets,,The Unforgettables,"[{""name"": ""White Rum"", ""amount"": ""30"", ""unit"": ""ml"", ""note"": """", ""direction"": ""30 ml White Rum"", ""raw"": ""30 ml White Rum""}, {""name"": ""Cognac"", ""amount"": ""30"", ""unit"": ""ml"", ""note"": """", ""direction"": ""30 ml Cognac"", ""raw"": ""30 ml Cognac""}, {""name"": ""Triple Sec"", ""amount"": ""30"", ""unit"": ""ml"", ""note"": """", ""direction"": ""30 ml Triple Sec"", ""raw"": ""30 ml Triple Sec""}, {""name"": ""Fresh Lemon Juice"", ""amount"": ""20"", ""unit"": ""ml"", ""note"": """", ""direction"": ""20 ml Fresh Lemon Juice"", ""raw"": ""20 ml Fresh Lemon Juice""}]","30 ml White Rum,30 ml Cognac,30 ml Triple Sec,20 ml Fresh Lemon Juice",Add all ingredients into a cocktail shaker. Shake with ice and strain into a chilled cocktail glass.,,,,,,[],,,IBA
boulevardier,Boulevardier,,The Unforgettables,"[{""name"": ""Bourbon or Rye Whiskey"", ""amount"": ""45"", ""unit"": ""ml"", ""note"": """", ""direction"": ""45 ml Bourbon or Rye Whiskey"", ""raw"": ""45 ml Bourbon or Rye Whiskey""}, {""name"": ""Bitter Campari"", ""amount"": ""30"", ""unit"": ""ml"", ""note"": """", ""direction"": ""30 ml Bitter Campari"", ""raw"": ""30 ml Bitter Campari""}, {""name"": ""Sweet Red Vermouth"", ""amount"": ""30"", ""unit"": ""ml"", ""note"": """", ""direction"": ""30 ml Sweet Red Vermouth"", ""raw"": ""30 ml Sweet Red Vermouth""}]","45 ml Bourbon or Rye Whiskey,30 ml Bitter Campari,30 ml Sweet Red Vermouth",Pour all ingredients into mixing glass with ice cubes. Stir well. Strain into a chilled cocktail glass.,,"Garnish with orange zest, optionally a lemon zest.",,,,[],,,IBA
brandy-crusta,Brandy Crusta,,The Unforgettables,"[{""name"": ""Brandy"", ""amount"": ""52.5"", ""unit"": ""ml"", ""note"": """", ""direction"": ""52.5 ml Brandy"", ""raw"": ""52.5 ml Brandy""}, {""name"": ""Maraschino Luxardo"", ""amount"": ""7.5"", ""unit"": ""ml"", ""note"": """", ""direction"": ""7.5 ml Maraschino Luxardo"", ""raw"": ""7.5 ml Maraschino Luxardo""}, {""name"": ""Curacao"", ""amount"": ""1"", ""unit"": ""bar spoon"", ""note"": """", ""direction"": ""1 Bar Spoon Curacao"", ""raw"": ""1 bar spoon Curacao""}, {""name"": ""Fresh Lemon Juice"", ""amount"": ""15"", ""unit"": ""ml"", ""note"": """", ""direction"": ""15 ml Fresh Lemon Juice"", ""raw"": ""15 ml Fresh Lemon Juice""}, {""name"": ""Simple Syrup"", ""amount"": ""1"", ""unit"": ""bar spoon"", ""note"": """", ""direction"": ""1 Bar Spoon Simple Syrup"", ""raw"": ""1 bar spoon Simple Syrup""}, {""name"": ""Aromatic Bitters"", ""amount"": ""2"", ""unit"": ""dash"", ""note"": """", ""direction"": ""2 Dashes Aromatic Bitters"", ""raw"": ""2 dash Aromatic Bitters""}]","52.5 ml Brandy,7.5 ml Maraschino Luxardo,1 Bar Spoon Curacao,15 ml Fresh Lemon Juice,1 Bar Spoon Simple Syrup,2 Dashes Aromatic Bitters",Mix together all ingredients with ice cubes in a mixing glass and strain into prepared slim cocktail glass.,,"Rub a slice of orange (or lemon) around the rim of the glass and dip it in pulverized white sugar, so that the sugar will adhere to the edge of the glass. Carefully curling place the orange/lemon peel around the inside of the glass.",,,,[],,,IBA
casino,Casino,,The Unforgettables,"[{""name"": ""Old Tom Gin"", ""amount"": ""40"", ""unit"": ""ml"", ""note"": """", ""direction"": ""40 ml Old Tom Gin"", ""raw"": ""40 ml Old Tom Gin""}, {""name"": ""Maraschino Luxardo"", ""amount"": ""10"", ""unit"": ""ml"", ""note"": """", ""direction"": ""10 ml Maraschino Luxardo"", ""raw"": ""10 ml Maraschino Luxardo""}, {""name"": ""Fresh Lemon Juice"", ""amount"": ""10"", ""unit"": ""ml"", ""note"": """", ""direction"": ""10 ml Fresh Lemon Juice"", ""raw"": ""10 ml Fresh Lemon Juice""}, {""name"": ""Orange Bitters"", ""amount"": ""2"", ""unit"": ""dash"", ""note"": """", ""direction"": ""2 Dashes Orange Bitters"", ""raw"": ""2 dash Orange Bitters""}]","40 ml Old Tom Gin,10 ml Maraschino Luxardo,10 ml Fresh Lemon Juice,2 Dashes Orange Bitters","Pour all ingredients into cocktails shaker, shake well with ice, strain into chilled rocks glass with ice.",,Garnish with lemon zest and a maraschino cherry.,,,,[],,,IBA
clover-club,Clover Club,,The Unforgettables,"[{""name"": ""Gin"", ""amount"": ""45"", ""unit"": ""ml"", ""note"": """", ""direction"": ""45 ml Gin"", ""raw"": ""45 ml Gin""}, {""name"": ""Raspberry Syrup"", ""amount"": ""15"", ""unit"": ""ml"", ""note"": """", ""direction"": ""15 ml Raspberry Syrup"", ""raw"": ""15 ml Raspberry Syrup""}, {""name"": ""Fresh Lemon Juice"", ""amount"": ""15"", ""unit"": ""ml"", ""note"": """", ""direction"": ""15 ml Fresh Lemon Juice"", ""raw"": ""15 ml Fresh Lemon Juice""}, {""name"": ""Egg White"", ""amount"": ""few"", ""unit"": ""drops"", ""note"": """", ""direction"": ""Few Drops of Egg White"", ""raw"": ""few drops Egg White""}]","45 ml Gin,15 ml Raspberry Syrup,15 ml Fresh Lemon Juice,Few Drops of Egg White","Pour all ingredients into cocktails shaker, shake well with ice, strain into chilled cocktail glass.",,Fresh raspberries.,,,,[],,,IBA
daiquiri,Daiquiri,,The Unforgettables,"[{""name"": ""White Cuban Ron"", ""amount"": ""60"", ""unit"": ""ml"", ""note"": """", ""direction"": ""60 ml White Cuban Ron"", ""raw"": ""60 ml White Cuban Ron""}, {""name"": ""Fresh Lime Juice"", ""amount"": ""20"", ""unit"": ""ml"", ""note"": """", ""direction"": ""20 ml Fresh Lime Juice"", ""raw"": ""20 ml Fresh Lime Juice""}, {""name"": ""Superfine Sugar"", ""amount"": ""2"", ""unit"": ""bar spoon"", ""note"": """", ""direction"": ""2 Bar Spoons Superfine Sugar"", ""raw"": ""2 bar spoon Superfine Sugar""}]","60 ml White Cuban Ron,20 ml Fresh Lime Juice,2 Bar Spoons Superfine Sugar",In a cocktail shaker add all ingredients. Stir well to dissolve the sugar. Add ice and shake. Strain into chilled cocktail glass.,,,,,,[],,,IBA
dry-martini,Dry Martini,,The Unforgettables,"[{""name"": ""Gin"", ""amount"": ""60"", ""unit"": ""ml"", ""note"": """", ""direction"": ""60 ml Gin"", ""raw"": ""60 ml Gin""}, {""name"": ""Dry Vermouth"", ""amount"": ""10"", ""unit"": ""ml"", ""note"": """", ""direction"": ""10 ml Dry Vermouth"", ""raw"": ""10 ml Dry Vermouth""}]","60 ml Gin,10 ml Dry Vermouth",Pour all ingredients into mixing glass with ice cubes. Stir well. Strain into chilled martini cocktail glass.,,"Squeeze oil from lemon peel onto the drink, or garnish with green olives if requested.",,,,[],,,IBA
gin-fizz,Gin Fizz,,The Unforgettables,"[{""name"": ""Gin"", ""amount"": ""45"", ""unit"": ""ml"", ""note"": """", ""direction"": ""45 ml Gin"", ""raw"": ""45 ml Gin""}, {""name"": ""Fresh Lemon Juice"", ""amount"": ""30"", ""unit"": ""ml"", ""note"": """", ""direction"": ""30 ml Fresh Lemon Juice"", ""raw"": ""30 ml Fresh Lemon Juice""}, {""name"": ""Simple Syrup"", ""amount"": ""10"", ""unit"": ""ml"", ""note"": """", ""direction"": ""10 ml Simple Syrup"", ""raw"": ""10 ml Simple Syrup""}, {""name"": ""Soda Water"", ""amount"": ""1"", ""unit"": ""splash"", ""note"": """", ""direction"": ""Splash of Soda Water"", ""raw"": ""1 splash Soda Water""}]","45 ml Gin,30 ml Fresh Lemon Juice,10 ml Simple Syrup,Splash of Soda Water","Shake all ingredients with ice except soda water. Pour into thin tall Tumbler glass , top with a splash soda water. NOTE: Serve without ice.",,"Garnish with a lemon slice, optional lemon zest.",,,,[],,,IBA
hanky-panky,Hanky Panky,,The Unforgettables,"[{""name"": ""London Dry Gin"", ""amount"": ""45"", ""unit"": ""ml"", ""note"": """", ""direction"": ""45 ml London Dry Gin"", ""raw"": ""45 ml London Dry Gin""}, {""name"": ""Sweet Red Vermouth"", ""amount"": ""45"", ""unit"": ""ml"", ""note"": """", ""direction"": ""45 ml Sweet Red Vermouth"", ""raw"": ""45 ml Sweet Red Vermouth""}, {""name"": ""Fernet Branca"", ""amount"": ""7.5"", ""unit"": ""ml"", ""note"": """", ""direction"": ""7.5 ml Fernet Branca"", ""raw"": ""7.5 ml Fernet Branca""}]","45 ml London Dry Gin,45 ml Sweet Red Vermouth,7.5 ml Fernet Branca",Pour all ingredients into mixing glass with ice cubes. Stir well. Strain into chilled cocktail glass.,,Orange zest.,,,,[],,,IBA
john-collins,John Collins,,The Unforgettables,"[{""name"": ""Gin"", ""amount"": ""45"", ""unit"": ""ml"", ""note"": """", ""direction"": ""45 ml Gin"", ""raw"": ""45 ml Gin""}, {""name"": ""Fresh Lemon Juice"", ""amount"": ""30"", ""unit"": ""ml"", ""note"": """", ""direction"": ""30 ml Fresh Lemon Juice"", ""raw"": ""30 ml Fresh Lemon Juice""}, {""name"": ""Simple Syrup"", ""amount"": ""15"", ""unit"": ""ml"", ""note"": """", ""direction"": ""15 ml Simple Syrup"", ""raw"": ""15 ml Simple Syrup""}, {""name"": ""Soda Water"", ""amount"": ""60"", ""unit"": ""ml"", ""note"": """", ""direction"": ""60 ml Soda Water"", ""raw"": ""60 ml Soda Water""}]","45 ml Gin,30 ml Fresh Lemon Juice,15 ml Simple Syrup,60 ml Soda Water",Pour all ingredients directly into a highball filled with ice. Stir gently. NOTE: Use ‘Old Tom' Gin for Tom Collins.,,Garnish with a lemon slice and maraschino cherry.,,,,[],,,IBA
last-word,Last word,,The Unforgettables,"[{""name"": ""Gin"", ""amount"": ""22.5"", ""unit"": ""ml"", ""note"": """", ""direction"": ""22.5 ml Gin"", ""raw"": ""22.5 ml Gin""}, {""name"": ""Green Chartreuse"", ""amount"": ""22.5"", ""unit"": ""ml"", ""note"": """", ""direction"": ""22.5 ml Green Chartreuse"", ""raw"": ""22.5 ml Green Chartreuse""}, {""name"": ""Maraschino Luxardo"", ""amount"": ""22.5"", ""unit"": ""ml"", ""note"": """", ""direction"": ""22.5 ml Maraschino Luxardo"", ""raw"": ""22.5 ml Maraschino Luxardo""}, {""name"": ""Fresh Lime Juice"", ""amount"": ""22.5"", ""unit"": ""ml"", ""note"": """", ""direction"": ""22.5 ml Fresh Lime Juice"", ""raw"": ""22.5 ml Fresh Lime Juice""}]","22.5 ml Gin,22.5 ml Green Chartreuse,22.5 ml Maraschino Luxardo,22.5 ml Fresh Lime Juice",Add all ingredients into a cocktail shaker. Shake with ice and strain into a chilled cocktail glass.,,,,,,[],,,IBA
manhattan,Manhattan,,The Unforgettables,"[{""name"": ""Rye Whiskey"", ""amount"": ""50"", ""unit"": ""ml"", ""note"": """", ""direction"": ""50 ml Rye Whiskey"", ""raw"": ""50 ml Rye Whiskey""}, {""name"": ""Sweet Red Vermouth"", ""amount"": ""20"", ""unit"": ""ml"", ""note"": """", ""direction"": ""20 ml Sweet Red Vermouth"", ""raw"": ""20 ml Sweet Red Vermouth""}, {""name"": ""Angostura Bitters"", ""amount"": ""1"", ""unit"": ""dash"", ""note"": """", ""direction"": ""1 dash Angostura Bitters"", ""raw"": ""1 dash Angostura Bitters""}]","50 ml Rye Whiskey,20 ml Sweet Red Vermouth,1 dash Angostura Bitters",Pour all ingredients into mixing glass with ice cubes. Stir well. Strain into a chilled cocktail glass.,,Garnish with a cocktail cherry.,,,,[],,,IBA
martinez,Martinez,,The Unforgettables,"[{""name"": ""London Dry Gin"", ""amount"": ""45"", ""unit"": ""ml"", ""note"": """", ""direction"": ""45 ml London Dry Gin"", ""raw"": ""45 ml London Dry Gin""}, {""name"": ""Sweet Red Vermouth"", ""amount"": ""45"", ""unit"": ""ml"", ""note"": """", ""direction"": ""45 ml Sweet Red Vermouth"", ""raw"": ""45 ml Sweet Red Vermouth""}, {""name"": ""Maraschino Liqueur"", ""amount"": ""1"", ""unit"": ""bar spoon"", ""note"": """", ""direction"": ""1 Bar Spoon Maraschino Liqueur"", ""raw"": ""1 bar spoon Maraschino Liqueur""}, {""name"": ""Orange Bitters"", ""amount"": ""2"", ""unit"": ""dash"", ""note"": """", ""direction"": ""2 Dashes Orange Bitters"", ""raw"": ""2 dash Orange Bitters""}]","45 ml London Dry Gin,45 ml Sweet Red Vermouth,1 Bar Spoon Maraschino Liqueur,2 Dashes Orange Bitters",Pour all ingredients into mixing glass with ice cubes. Stir well. Strain into a chilled cocktail glass.,,Lemon zest.,,,,[],,,IBA
mary-pickford,Mary Pickford,,The Unforgettables,"[{""name"": ""White Rum"", ""amount"": ""45"", ""unit"": ""ml"", ""note"": """", ""direction"": ""45 ml White Rum"", ""raw"": ""45 ml White Rum""}, {""name"": ""Fresh Pineapple Juice"", ""amount"": ""45"", ""unit"": ""ml"", ""note"": """", ""direction"": ""45 ml Fresh Pineapple Juice"", ""raw"": ""45 ml Fresh Pineapple Juice""}, {""name"": ""Maraschino Luxardo"", ""amount"": ""7.5"", ""unit"": ""ml"", ""note"": """", ""direction"": ""7.5 ml Maraschino Luxardo"", ""raw"": ""7.5 ml Maraschino Luxardo""}, {""name"": ""Grenadine Syrup"", ""amount"": ""5"", ""unit"": ""ml"", ""note"": """", ""direction"": ""5 ml Grenadine Syrup"", ""raw"": ""5 ml Grenadine Syrup""}]","45 ml White Rum,45 ml Fresh Pineapple Juice,7.5 ml Maraschino Luxardo,5 ml Grenadine Syrup","Pour all ingredients into a cocktail shaker, shake well with ice, strain into a chilled cocktail glass.",,,,,,[],,,IBA
monkey-gland,Monkey Gland,,The Unforgettables,"[{""name"": ""Dry Gin"", ""amount"": ""45"", ""unit"": ""ml"", ""note"": """", ""direction"": ""45 ml Dry Gin"", ""raw"": ""45 ml Dry Gin""}, {""name"": ""Fresh Orange Juice"", ""amount"": ""45"", ""unit"": ""ml"", ""note"": """", ""direction"": ""45 ml Fresh Orange Juice"", ""raw"": ""45 ml Fresh Orange Juice""}, {""name"": ""Absinthe"", ""amount"": ""1"", ""unit"": ""tablespoon"", ""note"": """", ""direction"": ""1 Table Spoon Absinthe"", ""raw"": ""1 tablespoon Absinthe""}, {""name"": ""Grenadine Syrup"", ""amount"": ""1"", ""unit"": ""tablespoon"", ""note"": """", ""direction"": ""1 Table Spoon Grenadine Syrup"", ""raw"": ""1 tablespoon Grenadine Syrup""}]","45 ml Dry Gin,45 ml Fresh Orange Juice,1 Table Spoon Absinthe,1 Table Spoon Grenadine Syrup","Pour all ingredients into a cocktail shaker, shake well with ice, strain into a chilled cocktail glass.",,,,,,[],,,IBA
negroni,Negroni,,The Unforgettables,"[{""name"": ""Gin"", ""amount"": ""30"", ""unit"": ""ml"", ""note"": """", ""direction"": ""30 ml Gin"", ""raw"": ""30 ml Gin""}, {""name"": ""Bitter Campari"", ""amount"": ""30"", ""unit"": ""ml"", ""note"": """", ""direction"": ""30 ml Bitter Campari"", ""raw"": ""30 ml Bitter Campari""}, {""name"": ""Sweet Red Vermouth"", ""amount"": ""30"", ""unit"": ""ml"", ""note"": """", ""direction"": ""30 ml Sweet Red Vermouth"", ""raw"": ""30 ml Sweet Red Vermouth""}]","30 ml Gin,30 ml Bitter Campari,30 ml Sweet Red Vermouth","Pour all ingredients directly into a chilled old fashioned glass filled with ice, Stir gently.",,Garnish with a half orange slice.,,,,[],,,IBA
old-fashioned,Old Fashioned,,The Unforgettables,"[{""name"": ""Bourbon or Rye Whiskey"", ""amount"": ""45"", ""unit"": ""ml"", ""note"": """", ""direction"": ""45 ml Bourbon or Rye Whiskey"", ""raw"": ""45 ml Bourbon or Rye Whiskey""}, {""name"": ""Sugar Cube"", ""amount"": ""1"", ""unit"": ""piece"", ""note"": """", ""direction"": ""1 Sugar Cube"", ""raw"": ""1 piece Sugar Cube""}, {""name"": ""Angostura Bitters"", ""amount"": ""few"", ""unit"": ""dash"", ""note"": """", ""direction"": ""Few Dashes Angostura Bitters"", ""raw"": ""few dash Angostura Bitters""}, {""name"": ""Plain Water"", ""amount"": ""few"", ""unit"": ""dash"", ""note"": """", ""direction"": ""Few Dashes Plain Water"", ""raw"": ""few dash Plain Water""}]","45 ml Bourbon or Rye Whiskey,1 Sugar Cube,Few Dashes Angostura Bitters,Few Dashes Plain Water","Place sugar cube in old fashioned glass and saturate with bitter, add few dashes of plain water. Muddle until dissolved. Fill the glass with ice cubes and add whiskey. Stir gently.",,"Garnish with an orange slice or zest, and a cocktail cherry.",,,,[],,,IBA
paradise,Paradise,,The Unforgettables,"[{""name"": ""Gin"", ""amount"": ""30"", ""unit"": ""ml"", ""note"": """", ""direction"": ""30 ml Gin"", ""raw"": ""30 ml Gin""}, {""name"": ""Apricot Brandy"", ""amount"": ""20"", ""unit"": ""ml"", ""note"": """", ""direction"": ""20 ml Apricot Brandy"", ""raw"": ""20 ml Apricot Brandy""}, {""name"": ""Fresh Orange Juice"", ""amount"": ""15"", ""unit"": ""ml"", ""note"": """", ""direction"": ""15 ml Fresh Orange Juice"", ""raw"": ""15 ml Fresh Orange Juice""}]","30 ml Gin,20 ml Apricot Brandy,15 ml Fresh Orange Juice","Pour all ingredients into cocktail shaker, shake well with ice, strain into chilled cocktail glass.",,,,,,[],,,IBA
planters-punch,Planter's Punch,,The Unforgettables,"[{""name"": ""Jamaican Rum"", ""amount"": ""45"", ""unit"": ""ml"", ""note"": """", ""direction"": ""45 ml Jamaican Rum"", ""raw"": ""45 ml Jamaican Rum""}, {""name"": ""Lime Juice"", ""amount"": ""15"", ""unit"": ""ml"", ""note"": """", ""direction"": ""15 ml Lime Juice"", ""raw"": ""15 ml Lime Juice""}, {""name"": ""Sugar Cane Juice"", ""amount"": ""30"", ""unit"": ""ml"", ""note"": """", ""direction"": ""30 ml Sugar Cane Juice"", ""raw"": ""30 ml Sugar Cane Juice""}]","45 ml Jamaican Rum,15 ml Lime Juice,30 ml Sugar Cane Juice","Pour all ingredients directly in a small tumbler or a typical terracotta glass. NOTE: Add dilution up to taste, it can be given by water, ice or fresh juices.",,Garnish with orange zest.,,,,[],,,IBA
porto-flip,Porto Flip,,The Unforgettables,"[{""name"": ""Brandy"", ""amount"": ""15"", ""unit"": ""ml"", ""note"": """", ""direction"": ""15 ml Brandy"", ""raw"": ""15 ml Brandy""}, {""name"": ""Red Tawny Port Wine"", ""amount"": ""45"", ""unit"": ""ml"", ""note"": """", ""direction"": ""45 ml Red Tawny Port Wine"", ""raw"": ""45 ml Red Tawny Port Wine""}, {""name"": ""Egg Yolk"", ""amount"": ""10"", ""unit"": ""ml"", ""note"": """", ""direction"": ""10 ml Egg Yolk"", ""raw"": ""10 ml Egg Yolk""}]","15 ml Brandy,45 ml Red Tawny Port Wine,10 ml Egg Yolk","Pour all ingredients into a cocktail shaker, shake well with ice, strain into a chilled cocktail glass.",,Sprinkle with fresh ground nutmeg.,,,,[],,,IBA
ramos-fizz,Ramos Fizz,,The Unforgettables,"[{""name"": ""Gin"", ""amount"": ""45"", ""unit"": ""ml"", ""note"": """", ""direction"": ""45 ml Gin"", ""raw"": ""45 ml Gin""}, {""name"": ""Fresh Lime Juice"", ""amount"": ""15"", ""unit"": ""ml"", ""note"": """", ""direction"": ""15 ml Fresh Lime Juice"", ""raw"": ""15 ml Fresh Lime Juice""}, {""name"": ""Fresh Lemon Juice"", ""amount"": ""15"", ""unit"": ""ml"", ""note"": """", ""direction"": ""15 ml Fresh Lemon Juice"", ""raw"": ""15 ml Fresh Lemon Juice""}, {""name"": ""Sugar Syrup"", ""amount"": ""30"", ""unit"": ""ml"", ""note"": """", ""direction"": ""30 ml Sugar Syrup"", ""raw"": ""30 ml Sugar Syrup""}, {""name"": ""Cream"", ""amount"": ""60"", ""unit"": ""ml"", ""note"": """", ""direction"": ""60 ml Cream"", ""raw"": ""60 ml Cream""}, {""name"": ""Egg white"", ""amount"": ""30"", ""unit"": ""ml"", ""note"": """", ""direction"": ""30 ml Egg white"", ""raw"": ""30 ml Egg white""}, {""name"": ""Orange Flower Water"", ""amount"": ""3"", ""unit"": ""dash"", ""note"": """", ""direction"": ""3 Dashes Orange Flower Water"", ""raw"": ""3 dash Orange Flower Water""}, {""name"": ""Vanilla Extract"", ""amount"": ""2"", ""unit"": ""drops"", ""note"": """", ""direction"": ""2 Drops Vanilla Extract"", ""raw"": ""2 drops Vanilla Extract""}, {""name"": ""Soda Water"", ""amount"": ""1"", ""unit"": ""top up"", ""note"": """", ""direction"": ""Soda Water"", ""raw"": ""1 top up Soda Water""}]","45 ml Gin,15 ml Fresh Lime Juice,15 ml Fresh Lemon Juice,30 ml Sugar Syrup,60 ml Cream,30 ml Egg white,3 Dashes Orange Flower Water,2 Drops Vanilla Extract,Soda Water","Pour all ingredients except soda water in a cocktail shaker with ice, Shake for two minutes, double strain in a glass, pour the drink back in the shaker, and hard shake without ice for one minute. Strain into a highball glass, top up with soda. NOTE: The drink was invented by Henry Ramos in 1888, at his bar Meyer's Table d'Hôtel Internationale in New Orleans. The Ramos Fizz was originally shaken for 12 minutes by a crew of 30 bartenders who passed the shaker from one to another.",,,,,,[],,,IBA
rusty-nail,Rusty Nail,,The Unforgettables,"[{""name"": ""Scotch Whisky"", ""amount"": ""45"", ""unit"": ""ml"", ""note"": """", ""direction"": ""45 ml Scotch Whisky"", ""raw"": ""45 ml Scotch Whisky""}, {""name"": ""Drambuie"", ""amount"": ""25"", ""unit"": ""ml"", ""note"": """", ""direction"": ""25 ml Drambuie"", ""raw"": ""25 ml Drambuie""}]","45 ml Scotch Whisky,25 ml Drambuie",Pour all ingredients directly into an old fashioned glass filled with ice. Stir gently.,,Garnish with lemon zest.,,,,[],,,IBA
sazerac,Sazerac,,The Unforgettables,"[{""name"": ""Cognac"", ""amount"": ""50"", ""unit"": ""ml"", ""note"": """", ""direction"": ""50 ml Cognac"", ""raw"": ""50 ml Cognac""}, {""name"": ""Absinthe"", ""amount"": ""10"", ""unit"": ""ml"", ""note"": """", ""direction"": ""10 ml Absinthe"", ""raw"": ""10 ml Absinthe""}, {""name"": ""Sugar Cube"", ""amount"": ""1"", ""unit"": ""piece"", ""note"": """", ""direction"": ""1 Sugar Cube"", ""raw"": ""1 piece Sugar Cube""}, {""name"": ""Peychaud's Bitters"", ""amount"": ""2"", ""unit"": ""dash"", ""note"": """", ""direction"": ""2 Dashes Peychaud's Bitters"", ""raw"": ""2 dash Peychaud's Bitters""}]","50 ml Cognac,10 ml Absinthe,1 Sugar Cube,2 Dashes Peychaud's Bitters","Rinse a chilled old-fashioned glass with the absinthe, add crushed ice and set it aside. Stir the remaining ingredients over ice in a mixing glass. Discard the ice and any excess absinthe from the prepared glass, strain the mixed drink into the glass. NOTE: The original recipe changed after the American Civil War, Rye Whiskey substituted Cognac as it became hard to obtain.",,Garnish with lemon zest.,,,,[],,,IBA
sidecar,Sidecar,,The Unforgettables,"[{""name"": ""Cognac"", ""amount"": ""50"", ""unit"": ""ml"", ""note"": """", ""direction"": ""50 ml Cognac"", ""raw"": ""50 ml Cognac""}, {""name"": ""Triple Sec"", ""amount"": ""20"", ""unit"": ""ml"", ""note"": """", ""direction"": ""20 ml Triple Sec"", ""raw"": ""20 ml Triple Sec""}, {""name"": ""Fresh Lemon Juice"", ""amount"": ""20"", ""unit"": ""ml"", ""note"": """", ""direction"": ""20 ml Fresh Lemon Juice"", ""raw"": ""20 ml Fresh Lemon Juice""}]","50 ml Cognac,20 ml Triple Sec,20 ml Fresh Lemon Juice","Pour all ingredients into a cocktail shaker, shake well with ice, strain into a chilled cocktail glass.",,,,,,[],,,IBA
stinger,Stinger,,The Unforgettables,"[{""name"": ""Cognac"", ""amount"": ""50"", ""unit"": ""ml"", ""note"": """", ""direction"": ""50 ml Cognac"", ""raw"": ""50 ml Cognac""}, {""name"": ""White Crème de Menthe"", ""amount"": ""20"", ""unit"": ""ml"", ""note"": """", ""direction"": ""20 ml White Crème de Menthe"", ""raw"": ""20 ml White Crème de Menthe""}]","50 ml Cognac,20 ml White Crème de Menthe",Pour all ingredients into mixing glass with ice cubes. Stir well. Strain into chilled martini cocktail glass.,,Optional mint leave.,,,,[],,,IBA
tuxedo,Tuxedo,,The Unforgettables,"[{""name"": ""Old Tom Gin"", ""amount"": ""30"", ""unit"": ""ml"", ""note"": """", ""direction"": ""30 ml Old Tom Gin"", ""raw"": ""30 ml Old Tom Gin""}, {""name"": ""Dry Vermouth"", ""amount"": ""30"", ""unit"": ""ml"", ""note"": """", ""direction"": ""30 ml Dry Vermouth"", ""raw"": ""30 ml Dry Vermouth""}, {""name"": ""Maraschino Luxardo"", ""amount"": ""1/2"", ""unit"": ""bar spoon"", ""note"": """", ""direction"": ""1/2 Bar Spoon Maraschino Luxardo"", ""raw"": ""1/2 bar spoon Maraschino Luxardo""}, {""name"": ""Absinthe"", ""amount"": ""1/4"", ""unit"": ""bar spoon"", ""note"": """", ""direction"": ""1/4 Bar Spoon of Absinthe"", ""raw"": ""1/4 bar spoon Absinthe""}, {""name"": ""Orange Bitters"", ""amount"": ""3"", ""unit"": ""dash"", ""note"": """", ""direction"": ""3 Dashes Orange Bitters"", ""raw"": ""3 dash Orange Bitters""}]","30 ml Old Tom Gin,30 ml Dry Vermouth,1/2 Bar Spoon Maraschino Luxardo,1/4 Bar Spoon of Absinthe,3 Dashes Orange Bitters",Pour all ingredients into mixing glass with ice cubes. Stir well. Strain into chilled martini cocktail glass.,,Garnish with cherry and lemon zest,,,,[],,,IBA
vieux-carr,Vieux Carrè,,The Unforgettables,"[{""name"": ""Rye Whiskey"", ""amount"": ""30"", ""unit"": ""ml"", ""note"": """", ""direction"": ""30 ml Rye Whiskey"", ""raw"": ""30 ml Rye Whiskey""}, {""name"": ""Cognac"", ""amount"": ""30"", ""unit"": ""ml"", ""note"": """", ""direction"": ""30 ml Cognac"", ""raw"": ""30 ml Cognac""}, {""name"": ""Sweet Vermouth"", ""amount"": ""30"", ""unit"": ""ml"", ""note"": """", ""direction"": ""30 ml Sweet Vermouth"", ""raw"": ""30 ml Sweet Vermouth""}, {""name"": ""Bénédictine"", ""amount"": ""1"", ""unit"": ""bar spoon"", ""note"": """", ""direction"": ""1 Bar Spoon Bénédictine"", ""raw"": ""1 bar spoon Bénédictine""}, {""name"": ""Peychaud's Bitters"", ""amount"": ""2"", ""unit"": ""dash"", ""note"": """", ""direction"": ""2 Dashes Peychaud's Bitters"", ""raw"": ""2 dash Peychaud's Bitters""}]","30 ml Rye Whiskey,30 ml Cognac,30 ml Sweet Vermouth,1 Bar Spoon Bénédictine,2 Dashes Peychaud's Bitters",Pour all ingredients into mixing glass with ice cubes. Stir well. Strain into a chilled cocktail glass.,,Garnish with orange zest and maraschino cherry.,,,,[],,,IBA
whiskey-sour,Whiskey Sour,,The Unforgettables,"[{""name"": ""Bourbon Whiskey"", ""amount"": ""45"", ""unit"": ""ml"", ""note"": """", ""direction"": ""45 ml Bourbon Whiskey"", ""raw"": ""45 ml Bourbon Whiskey""}, {""name"": ""Fresh Lemon Juice"", ""amount"": ""25"", ""unit"": ""ml"", ""note"": """", ""direction"": ""25 ml Fresh Lemon Juice"", ""raw"": ""25 ml Fresh Lemon Juice""}, {""name"": ""Sugar Syrup"", ""amount"": ""20"", ""unit"": ""ml"", ""note"": """", ""direction"": ""20 ml Sugar Syrup"", ""raw"": ""20 ml Sugar Syrup""}, {""name"": ""Egg White"", ""amount"": ""20"", ""unit"": ""ml"", ""note"": ""Optional"", ""direction"": ""20 ml Egg White (Optional)"", ""raw"": ""20 ml Egg White Optional""}]","45 ml Bourbon Whiskey,25 ml Fresh Lemon Juice,20 ml Sugar Syrup,20 ml Egg White (Optional)","Pour all ingredients into a cocktail shaker filled with ice. Shake well. Strain into cobbler glass. If served “On the rocks”, strain ingredients into an old fashioned glass filled with ice. NOTE: If egg white is used shake little harder to release and incorporate the foam from the egg white.",,"Garnish with a half orange slice and maraschino cherry, optionally use orange zest.",,,,[],,,IBA
white-lady,White Lady,,The Unforgettables,"[{""name"": ""Gin"", ""amount"": ""40"", ""unit"": ""ml"", ""note"": """", ""direction"": ""40 ml Gin"", ""raw"": ""40 ml Gin""}, {""name"": ""Triple Sec"", ""amount"": ""30"", ""unit"": ""ml"", ""note"": """", ""direction"": ""30 ml Triple Sec"", ""raw"": ""30 ml Triple Sec""}, {""name"": ""Fresh Lemon Juice"", ""amount"": ""20"", ""unit"": ""ml"", ""note"": """", ""direction"": ""20 ml Fresh Lemon Juice"", ""raw"": ""20 ml Fresh Lemon Juice""}]","40 ml Gin,30 ml Triple Sec,20 ml Fresh Lemon Juice","Pour all ingredients into a cocktail shaker, shake well with ice, strain into a chilled cocktail glass.",,,,,,[],,,IBA
